"Date","Price","Open","High","Low","Vol.","Change %"
"12/31/2024","13.93","14.35","14.48","13.79","1.29M","-1.90%"
"12/30/2024","14.20","14.34","14.64","13.91","1.65M","-0.70%"
"12/27/2024","14.30","14.88","15.03","14.19","1.59M","-4.22%"
"12/26/2024","14.93","14.80","15.22","14.63","1.47M","-0.40%"
"12/24/2024","14.99","15.01","15.10","14.43","1.27M","0.13%"
"12/23/2024","14.97","15.10","15.73","14.91","2.44M","-0.13%"
"12/20/2024","14.99","14.25","15.79","14.18","5.22M","6.24%"
"12/19/2024","14.11","13.71","14.35","12.66","2.79M","5.30%"
"12/18/2024","13.40","14.79","14.99","12.79","2.10M","-9.83%"
"12/17/2024","14.86","13.45","15.02","13.45","3.87M","9.51%"
"12/16/2024","13.57","12.77","13.60","12.63","1.96M","6.93%"
"12/13/2024","12.69","12.25","13.39","12.12","2.72M","3.59%"
"12/12/2024","12.25","12.73","12.89","12.07","1.82M","-4.07%"
"12/11/2024","12.77","13.30","13.48","12.30","1.72M","-2.89%"
"12/10/2024","13.15","12.49","13.24","12.25","2.23M","4.53%"
"12/09/2024","12.58","12.58","12.93","12.32","1.40M","1.45%"
"12/06/2024","12.40","12.43","12.98","12.15","1.51M","0.73%"
"12/05/2024","12.31","12.66","12.91","12.11","1.21M","-2.38%"
"12/04/2024","12.61","12.49","12.71","12.10","1.99M","2.77%"
"12/03/2024","12.27","12.23","12.59","12.21","1.46M","-1.17%"
"12/02/2024","12.41","13.00","13.00","12.23","2.54M","-4.79%"
"11/29/2024","13.04","11.78","13.50","11.67","2.56M","11.36%"
"11/27/2024","11.71","11.60","11.88","11.38","1.70M","1.74%"
"11/26/2024","11.51","10.78","11.64","10.57","2.77M","6.87%"
"11/25/2024","10.77","10.21","11.10","10.21","2.27M","6.21%"
"11/22/2024","10.14","10.23","10.37","10.05","1.11M","-0.98%"
"11/21/2024","10.24","10.26","10.72","10.03","1.48M","0.59%"
"11/20/2024","10.18","10.18","10.42","9.93","1.03M","0.89%"
"11/19/2024","10.09","9.33","10.10","9.19","1.88M","7.00%"
"11/18/2024","9.43","9.27","9.46","8.90","1.96M","1.84%"
"11/15/2024","9.26","9.84","10.04","9.11","3.02M","-6.75%"
"11/14/2024","9.93","10.41","10.59","9.90","2.17M","-5.16%"
"11/13/2024","10.47","10.33","10.76","10.04","2.28M","2.15%"
"11/12/2024","10.25","10.60","10.74","10.20","1.72M","-5.44%"
"11/11/2024","10.84","10.97","11.02","10.74","2.03M","0.18%"
"11/08/2024","10.82","10.47","11.44","10.35","4.26M","4.04%"
"11/07/2024","10.40","10.30","10.78","9.90","5.36M","7.66%"
"11/06/2024","9.66","9.37","9.90","9.07","4.35M","3.87%"
"11/05/2024","9.30","8.59","9.33","8.45","2.58M","6.65%"
"11/04/2024","8.72","8.53","8.86","8.29","2.27M","0.58%"
"11/01/2024","8.67","8.45","9.10","8.45","2.05M","4.33%"
"10/31/2024","8.31","8.46","8.52","8.21","1.13M","-2.46%"
"10/30/2024","8.52","8.48","8.86","8.48","905.69K","-0.47%"
"10/29/2024","8.56","8.70","8.76","8.32","1.85M","-1.72%"
"10/28/2024","8.71","8.78","8.97","8.57","1.06M","-0.46%"
"10/25/2024","8.75","8.39","8.88","8.37","1.80M","4.04%"
"10/24/2024","8.41","8.34","8.61","8.19","1.85M","0.72%"
"10/23/2024","8.35","8.32","8.50","8.11","2.01M","0.12%"
"10/22/2024","8.34","8.24","8.46","8.03","2.55M","0.36%"
"10/21/2024","8.31","8.75","8.81","8.27","2.31M","-4.70%"
"10/18/2024","8.72","9.42","9.71","8.63","2.65M","-8.11%"
"10/17/2024","9.49","9.73","9.79","9.44","945.74K","-2.37%"
"10/16/2024","9.72","9.37","9.81","9.33","1.09M","3.96%"
"10/15/2024","9.35","9.77","9.85","9.26","1.34M","-4.00%"
"10/14/2024","9.74","9.70","9.87","9.48","1.18M","-0.51%"
"10/11/2024","9.79","9.74","9.84","9.23","2.11M","0.10%"
"10/10/2024","9.78","9.70","9.81","9.59","1.07M","-0.20%"
"10/09/2024","9.80","9.64","9.87","9.45","1.07M","1.24%"
"10/08/2024","9.68","9.80","10.09","9.66","1.16M","-1.12%"
"10/07/2024","9.79","10.00","10.05","9.62","1.36M","-2.30%"
"10/04/2024","10.02","10.20","10.44","9.83","1.62M","-1.52%"
"10/03/2024","10.18","10.14","10.67","10.06","2.27M","-0.54%"
"10/02/2024","10.23","9.51","10.34","9.43","1.90M","7.12%"
"10/01/2024","9.55","9.27","9.62","9.21","2.49M","2.69%"
"09/30/2024","9.30","9.32","9.74","9.14","1.96M","-0.64%"
"09/27/2024","9.36","9.25","9.37","9.04","1.65M","2.18%"
"09/26/2024","9.16","9.12","9.68","9.11","2.24M","0.66%"
"09/25/2024","9.10","9.68","9.79","9.02","1.65M","-5.99%"
"09/24/2024","9.68","9.61","10.03","9.40","1.33M","0.52%"
"09/23/2024","9.63","10.12","10.25","9.47","2.19M","-5.12%"
"09/20/2024","10.15","10.17","10.31","9.78","3.65M","0.10%"
"09/19/2024","10.14","10.69","11.18","10.04","4.40M","-2.50%"
"09/18/2024","10.40","10.26","10.71","9.90","2.55M","0.29%"
"09/17/2024","10.37","10.23","10.80","10.23","1.94M","2.07%"
"09/16/2024","10.16","10.70","10.98","10.02","1.56M","-4.69%"
"09/13/2024","10.66","10.60","10.70","10.34","1.07M","1.33%"
"09/12/2024","10.52","10.48","10.95","10.09","1.49M","0.00%"
"09/11/2024","10.52","10.76","10.76","10.34","1.42M","-3.22%"
"09/10/2024","10.87","10.75","11.01","10.58","1.55M","0.93%"
"09/09/2024","10.77","10.46","11.16","10.41","1.74M","3.96%"
"09/06/2024","10.36","10.82","10.96","10.18","1.73M","-4.34%"
"09/05/2024","10.83","10.46","10.96","10.34","1.01M","3.54%"
"09/04/2024","10.46","10.34","11.19","10.21","1.25M","-0.38%"
"09/03/2024","10.50","10.78","11.08","10.28","1.26M","-3.49%"
"08/30/2024","10.88","11.20","11.33","10.60","1.51M","-1.09%"
"08/29/2024","11.00","10.74","11.24","10.70","1.74M","2.90%"
"08/28/2024","10.69","10.53","10.95","10.41","1.54M","1.52%"
"08/27/2024","10.53","10.58","10.87","10.50","1.88M","-0.47%"
"08/26/2024","10.58","9.89","10.59","9.60","3.37M","7.63%"
"08/23/2024","9.83","8.46","10.16","8.46","6.27M","18.15%"
"08/22/2024","8.32","8.32","8.48","8.24","1.05M","-0.24%"
"08/21/2024","8.34","8.48","8.73","8.16","1.88M","-0.95%"
"08/20/2024","8.42","8.54","8.64","8.15","1.58M","-2.66%"
"08/19/2024","8.65","8.48","8.70","8.13","2.33M","1.88%"
"08/16/2024","8.49","8.53","8.59","8.17","2.75M","-0.12%"
"08/15/2024","8.50","9.20","9.21","8.25","6.85M","-11.27%"
"08/14/2024","9.58","10.01","10.02","9.26","2.71M","-3.72%"
"08/13/2024","9.95","9.60","10.19","9.40","2.62M","4.85%"
"08/12/2024","9.49","9.69","9.77","9.32","1.86M","-2.27%"
"08/09/2024","9.71","9.07","9.73","8.95","2.15M","8.61%"
"08/08/2024","8.94","8.96","9.34","8.82","3.16M","1.02%"
"08/07/2024","8.85","9.13","9.23","8.77","1.18M","-1.67%"
"08/06/2024","9.00","9.10","9.41","8.88","1.19M","-1.04%"
"08/05/2024","9.10","8.01","9.38","7.86","2.53M","-1.68%"
"08/02/2024","9.25","9.07","9.31","8.71","2.01M","-2.43%"
"08/01/2024","9.48","10.09","10.22","9.43","1.67M","-5.86%"
"07/31/2024","10.07","9.73","10.63","9.58","2.04M","4.57%"
"07/30/2024","9.63","9.68","10.00","9.35","1.49M","0.63%"
"07/29/2024","9.57","10.06","10.16","9.10","3.67M","-4.97%"
"07/26/2024","10.07","10.26","10.51","9.99","1.46M","-0.30%"
"07/25/2024","10.10","9.74","10.68","9.63","2.38M","3.38%"
"07/24/2024","9.77","10.04","10.48","9.75","1.51M","-4.22%"
"07/23/2024","10.20","9.80","10.31","9.78","1.90M","3.55%"
"07/22/2024","9.85","9.89","10.02","9.55","1.72M","1.03%"
"07/19/2024","9.75","9.79","9.92","9.62","1.02M","-0.20%"
"07/18/2024","9.77","10.33","10.44","9.53","2.23M","-4.87%"
"07/17/2024","10.27","10.45","10.56","10.11","1.61M","-3.75%"
"07/16/2024","10.67","10.94","11.22","10.53","2.00M","-0.93%"
"07/15/2024","10.77","10.90","11.01","10.16","2.18M","1.41%"
"07/12/2024","10.62","10.83","11.04","10.45","2.05M","-1.03%"
"07/11/2024","10.73","9.94","11.09","9.78","4.10M","9.38%"
"07/10/2024","9.81","10.32","10.55","9.27","4.12M","-2.10%"
"07/09/2024","10.02","10.20","10.48","9.98","2.46M","-3.93%"
"07/08/2024","10.43","9.96","11.19","9.57","6.33M","-0.57%"
"07/05/2024","10.49","9.66","10.53","9.43","2.99M","9.27%"
"07/03/2024","9.60","9.37","9.90","9.31","1.55M","3.23%"
"07/02/2024","9.30","9.50","9.59","8.93","1.96M","-2.72%"
"07/01/2024","9.56","9.19","9.74","9.12","2.20M","2.80%"
"06/28/2024","9.30","9.51","9.59","9.01","6.73M","-1.27%"
"06/27/2024","9.42","9.25","9.46","8.99","1.95M","1.40%"
"06/26/2024","9.29","9.60","9.85","9.10","2.22M","-3.23%"
"06/25/2024","9.60","8.84","9.63","8.56","2.83M","8.11%"
"06/24/2024","8.88","8.59","9.08","8.53","2.45M","4.59%"
"06/21/2024","8.49","8.31","8.66","8.21","8.67M","2.54%"
"06/20/2024","8.28","8.10","8.47","7.89","1.81M","1.60%"
"06/18/2024","8.15","7.90","8.17","7.64","1.98M","2.39%"
"06/17/2024","7.96","8.62","8.62","7.74","3.07M","-7.76%"
"06/14/2024","8.63","9.25","9.49","8.52","2.78M","-7.60%"
"06/13/2024","9.34","8.07","9.37","7.99","5.05M","15.31%"
"06/12/2024","8.10","8.07","8.24","7.94","1.83M","4.11%"
"06/11/2024","7.78","7.48","7.90","7.41","1.56M","3.18%"
"06/10/2024","7.54","7.12","7.56","6.99","2.13M","4.14%"
"06/07/2024","7.24","7.50","7.53","7.22","1.70M","-4.74%"
"06/06/2024","7.60","7.95","7.99","7.50","2.36M","-4.64%"
"06/05/2024","7.97","7.92","8.23","7.83","1.71M","1.14%"
"06/04/2024","7.88","8.00","8.29","7.86","1.91M","-3.55%"
"06/03/2024","8.17","8.40","8.76","8.00","3.13M","-2.27%"
"05/31/2024","8.36","8.71","8.89","8.03","5.12M","-3.46%"
"05/30/2024","8.66","8.69","8.88","8.53","2.12M","0.81%"
"05/29/2024","8.59","8.74","8.85","8.30","2.61M","-3.27%"
"05/28/2024","8.88","9.33","9.53","8.85","2.27M","-3.06%"
"05/24/2024","9.16","9.17","9.35","8.95","1.71M","0.88%"
"05/23/2024","9.08","9.96","10.02","9.05","2.55M","-8.47%"
"05/22/2024","9.92","9.52","10.77","9.52","4.54M","4.64%"
"05/21/2024","9.48","9.25","9.58","9.06","2.36M","1.39%"
"05/20/2024","9.35","9.21","9.59","9.06","2.04M","1.63%"
"05/17/2024","9.20","9.10","9.30","8.51","3.45M","0.88%"
"05/16/2024","9.12","9.25","9.62","8.82","4.31M","-1.30%"
"05/15/2024","9.24","9.42","10.13","8.90","13.90M","13.65%"
"05/14/2024","8.13","8.14","8.46","7.99","4.66M","1.75%"
"05/13/2024","7.99","7.92","8.14","7.70","2.34M","1.91%"
"05/10/2024","7.84","8.01","8.53","7.84","2.54M","-2.24%"
"05/09/2024","8.02","8.00","8.30","7.95","2.90M","0.38%"
"05/08/2024","7.99","7.74","8.08","7.65","2.34M","1.40%"
"05/07/2024","7.88","7.97","8.06","7.56","1.64M","-0.88%"
"05/06/2024","7.95","7.92","8.04","7.47","3.38M","-0.63%"
"05/03/2024","8.00","8.79","9.10","7.97","2.60M","-6.98%"
"05/02/2024","8.60","8.88","9.22","8.42","1.74M","-2.71%"
"05/01/2024","8.84","8.41","9.38","8.32","2.80M","6.25%"
"04/30/2024","8.32","8.69","8.81","8.30","1.76M","-5.24%"
"04/29/2024","8.78","8.49","8.84","8.35","2.12M","3.66%"
"04/26/2024","8.47","8.59","8.85","8.36","2.16M","-1.40%"
"04/25/2024","8.59","8.46","8.71","8.21","2.25M","-1.83%"
"04/24/2024","8.75","8.82","9.10","8.74","2.00M","0.11%"
"04/23/2024","8.74","9.02","9.30","8.72","1.60M","-2.24%"
"04/22/2024","8.94","9.18","9.28","8.74","1.23M","-1.76%"
"04/19/2024","9.10","9.36","9.45","8.44","4.52M","-3.70%"
"04/18/2024","9.45","10.30","10.38","9.31","2.92M","-7.80%"
"04/17/2024","10.25","10.18","10.34","9.97","2.52M","1.49%"
"04/16/2024","10.10","9.91","10.33","9.75","1.86M","0.10%"
"04/15/2024","10.09","10.18","10.47","9.95","2.69M","-1.08%"
"04/12/2024","10.20","11.77","11.78","9.82","4.16M","-14.14%"
"04/11/2024","11.88","12.38","12.56","11.81","2.74M","-3.73%"
"04/10/2024","12.34","11.78","12.47","11.41","2.79M","-1.20%"
"04/09/2024","12.49","12.48","13.17","12.30","3.99M","-0.32%"
"04/08/2024","12.53","11.39","12.62","11.30","4.91M","10.49%"
"04/05/2024","11.34","10.66","11.79","10.38","3.47M","5.49%"
"04/04/2024","10.75","9.74","10.86","9.73","4.07M","11.63%"
"04/03/2024","9.63","9.37","9.78","9.20","1.64M","2.45%"
"04/02/2024","9.40","9.40","9.48","9.28","2.02M","-2.89%"
"04/01/2024","9.68","9.96","10.00","9.16","3.08M","-2.32%"
"03/28/2024","9.91","9.67","10.02","9.61","3.72M","3.34%"
"03/27/2024","9.59","9.40","9.81","9.23","2.33M","3.45%"
"03/26/2024","9.27","9.39","9.52","9.10","2.77M","0.11%"
"03/25/2024","9.26","9.75","10.10","9.09","3.71M","-3.64%"
"03/22/2024","9.61","10.28","10.71","9.57","3.35M","-5.60%"
"03/21/2024","10.18","10.88","11.04","10.09","3.68M","-5.74%"
"03/20/2024","10.80","9.92","10.82","9.57","4.22M","9.53%"
"03/19/2024","9.86","10.07","10.32","9.80","2.54M","-3.66%"
"03/18/2024","10.23","10.43","10.51","9.57","3.88M","-3.99%"
"03/15/2024","10.66","10.87","11.44","10.44","15.29M","-2.56%"
"03/14/2024","10.94","11.04","11.49","10.63","3.68M","-1.08%"
"03/13/2024","11.06","10.06","11.09","9.93","3.37M","9.40%"
"03/12/2024","10.11","10.00","10.35","9.90","2.45M","0.70%"
"03/11/2024","10.04","11.17","11.55","9.84","3.67M","-9.96%"
"03/08/2024","11.15","10.48","11.22","10.42","3.81M","7.42%"
"03/07/2024","10.38","10.53","10.87","10.23","3.07M","-0.57%"
"03/06/2024","10.44","11.05","11.28","10.42","3.62M","-4.22%"
"03/05/2024","10.90","10.80","11.07","10.46","2.75M","-0.46%"
"03/04/2024","10.95","12.04","12.35","10.78","4.55M","-6.97%"
"03/01/2024","11.77","10.19","11.91","10.00","6.83M","14.49%"
"02/29/2024","10.28","9.49","10.57","9.33","12.49M","-1.25%"
"02/28/2024","10.41","10.66","11.09","10.21","3.41M","-2.07%"
"02/27/2024","10.63","10.50","11.33","10.32","9.25M","9.70%"
"02/26/2024","9.69","9.78","10.18","9.48","4.57M","0.10%"
"02/23/2024","9.68","9.88","10.15","9.19","4.85M","0.62%"
"02/22/2024","9.62","9.23","9.97","9.05","4.24M","3.78%"
"02/21/2024","9.27","9.40","9.61","8.58","3.37M","-2.22%"
"02/20/2024","9.48","9.06","9.51","8.93","5.28M","1.94%"
"02/16/2024","9.30","7.97","10.24","7.87","11.93M","16.69%"
"02/15/2024","7.97","7.60","8.03","7.33","3.76M","5.15%"
"02/14/2024","7.58","7.19","7.64","6.88","4.44M","9.86%"
"02/13/2024","6.90","6.25","6.95","6.05","3.42M","3.14%"
"02/12/2024","6.69","6.50","6.75","6.35","3.39M","1.83%"
"02/09/2024","6.57","5.77","6.89","5.72","7.73M","15.26%"
"02/08/2024","5.70","5.67","5.80","5.50","1.33M","-0.18%"
"02/07/2024","5.71","5.55","5.85","5.38","3.42M","0.18%"
"02/06/2024","5.70","5.98","6.04","5.50","2.87M","-5.32%"
"02/05/2024","6.02","6.02","6.07","5.87","2.12M","-0.82%"
"02/02/2024","6.07","6.66","6.87","5.88","5.61M","-8.58%"
"02/01/2024","6.64","5.65","7.14","5.60","10.20M","13.12%"
"01/31/2024","5.87","5.84","6.25","5.66","5.35M","0.00%"
"01/30/2024","5.87","5.94","6.26","5.64","7.15M","-3.14%"
"01/29/2024","6.06","5.48","6.08","5.06","11.01M","14.34%"
"01/26/2024","5.30","4.85","5.31","4.83","7.40M","9.50%"
"01/25/2024","4.84","4.51","4.84","4.44","5.10M","6.14%"
"01/24/2024","4.56","4.25","4.74","4.05","8.35M","8.83%"
"01/23/2024","4.19","3.59","4.19","3.59","7.36M","18.36%"
"01/22/2024","3.54","3.44","3.70","3.30","3.72M","8.92%"
"01/19/2024","3.25","3.21","3.32","3.11","2.17M","-0.61%"
"01/18/2024","3.27","3.39","3.42","3.13","2.72M","-2.10%"
"01/17/2024","3.34","3.39","3.41","3.26","2.19M","-3.75%"
"01/16/2024","3.47","3.65","3.69","3.35","4.16M","-4.67%"
"01/12/2024","3.64","3.73","3.90","3.51","3.24M","-1.62%"
"01/11/2024","3.70","4.03","4.10","3.64","5.10M","-10.63%"
"01/10/2024","4.14","4.14","4.26","3.84","3.48M","2.22%"
"01/09/2024","4.05","3.99","4.38","3.92","5.08M","0.00%"
"01/08/2024","4.05","3.75","4.05","3.46","4.57M","9.16%"
"01/05/2024","3.71","3.95","4.18","3.65","7.03M","-8.17%"
"01/04/2024","4.04","3.99","4.25","3.75","11.68M","3.32%"
"01/03/2024","3.91","3.67","4.01","3.45","12.51M","13.99%"
"01/02/2024","3.43","3.17","3.69","3.07","5.47M","6.19%"
"12/29/2023","3.23","3.38","3.54","3.20","6.65M","-2.12%"
"12/28/2023","3.30","3.01","3.69","2.99","9.19M","9.27%"
"12/27/2023","3.02","3.05","3.15","2.96","3.59M","-2.58%"
"12/26/2023","3.10","3.07","3.21","2.99","4.27M","4.73%"
"12/22/2023","2.96","2.63","3.13","2.60","9.03M","13.85%"
"12/21/2023","2.60","2.72","2.80","2.51","6.14M","0.39%"
"12/20/2023","2.59","2.53","2.93","2.45","8.84M","1.17%"
"12/19/2023","2.56","2.40","2.65","2.28","9.00M","0.79%"
"12/18/2023","2.54","3.06","3.43","2.46","45.22M","4.10%"
"12/15/2023","2.44","2.67","2.74","2.29","12.83M","-3.94%"
"12/14/2023","2.54","2.42","2.62","2.39","5.11M","6.72%"
"12/13/2023","2.38","2.05","2.39","2.00","3.06M","15.53%"
"12/12/2023","2.06","2.03","2.09","1.89","1.93M","1.48%"
"12/11/2023","2.03","2.19","2.19","2.00","1.84M","-6.02%"
"12/08/2023","2.16","2.20","2.22","2.12","1.98M","-1.82%"
"12/07/2023","2.20","2.15","2.23","2.13","2.26M","2.33%"
"12/06/2023","2.15","2.07","2.32","2.06","2.58M","5.65%"
"12/05/2023","2.04","2.23","2.23","2.00","2.41M","-9.15%"
"12/04/2023","2.24","1.99","2.28","1.99","3.96M","12.56%"
"12/01/2023","1.99","1.85","2.00","1.76","2.93M","8.15%"
"11/30/2023","1.84","1.96","2.03","1.83","2.35M","-3.16%"
"11/29/2023","1.90","2.05","2.25","1.88","3.49M","-6.86%"
"11/28/2023","2.04","1.93","2.05","1.90","2.43M","4.08%"
"11/27/2023","1.96","2.05","2.11","1.88","6.00M","-3.45%"
"11/24/2023","2.03","1.90","2.09","1.83","1.23M","7.98%"
"11/22/2023","1.88","1.95","2.08","1.77","1.54M","-0.53%"
"11/21/2023","1.89","2.08","2.15","1.86","2.87M","-8.70%"
"11/20/2023","2.07","2.12","2.34","2.03","7.18M","1.47%"
"11/17/2023","2.04","2.01","2.14","2.00","1.93M","4.62%"
"11/16/2023","1.95","2.12","2.13","1.89","1.96M","-6.25%"
"11/15/2023","2.08","2.13","2.33","2.07","2.23M","-4.59%"
"11/14/2023","2.18","2.23","2.24","2.08","2.75M","3.32%"
"11/13/2023","2.11","1.87","2.18","1.86","2.02M","10.76%"
"11/10/2023","1.90","2.06","2.06","1.80","2.49M","-4.75%"
"11/09/2023","2.00","2.27","2.27","2.00","1.69M","-9.09%"
"11/08/2023","2.20","2.37","2.45","2.17","2.20M","-6.38%"
"11/07/2023","2.35","2.34","2.36","2.13","2.64M","0.43%"
"11/06/2023","2.34","2.50","2.57","2.20","2.71M","-4.10%"
"11/03/2023","2.44","2.43","2.54","2.38","3.71M","9.91%"
"11/02/2023","2.22","2.30","2.40","2.15","1.89M","-1.77%"
"11/01/2023","2.26","2.25","2.30","2.18","1.54M","0.44%"
"10/31/2023","2.25","2.29","2.33","2.16","2.53M","-2.17%"
"10/30/2023","2.30","2.32","2.45","2.27","2.89M","-1.50%"
"10/27/2023","2.34","2.40","2.46","2.31","3.21M","-1.48%"
"10/26/2023","2.37","2.25","2.39","2.13","6.82M","-0.42%"
"10/25/2023","2.38","2.39","2.40","2.31","3.27M","-0.42%"
"10/24/2023","2.39","2.47","2.50","2.33","7.58M","-1.04%"
"10/23/2023","2.41","2.52","2.54","2.37","6.90M","-2.03%"
"10/20/2023","2.46","2.41","2.56","2.16","18.38M","-18.65%"
"10/19/2023","3.03","3.23","3.32","3.01","1.39M","-6.19%"
"10/18/2023","3.23","3.83","3.83","3.21","1.24M","-16.10%"
"10/17/2023","3.85","3.66","4.10","3.66","877.92K","2.53%"
"10/16/2023","3.76","3.83","4.09","3.59","1.18M","-3.22%"
"10/13/2023","3.88","3.53","4.07","3.15","2.32M","0.00%"
"10/12/2023","3.88","4.46","4.48","3.84","2.24M","-13.97%"
"10/11/2023","4.51","4.84","4.95","4.34","1.13M","-6.43%"
"10/10/2023","4.82","4.63","5.02","4.51","1.40M","3.66%"
"10/09/2023","4.65","4.57","4.93","4.56","1.42M","-0.85%"
"10/06/2023","4.69","4.48","4.75","4.03","2.46M","5.87%"
"10/05/2023","4.43","4.51","4.83","4.25","2.94M","-1.56%"
"10/04/2023","4.50","4.64","4.64","4.11","1.12M","-1.53%"
"10/03/2023","4.57","4.67","4.77","4.48","1.05M","-3.18%"
"10/02/2023","4.72","5.26","5.26","4.69","1.62M","-11.11%"
"09/29/2023","5.31","5.62","5.66","5.28","759.23K","-4.15%"
"09/28/2023","5.54","5.58","5.70","5.33","1.07M","-0.72%"
"09/27/2023","5.58","5.76","6.17","5.32","923.58K","-4.29%"
"09/26/2023","5.83","5.79","6.42","5.78","1.07M","0.87%"
"09/25/2023","5.78","5.52","5.84","5.19","1.36M","7.43%"
"09/22/2023","5.38","5.77","5.84","5.28","947.97K","-5.78%"
"09/21/2023","5.71","5.74","5.79","5.47","1.23M","-2.89%"
"09/20/2023","5.88","6.55","6.56","5.88","945.39K","-9.95%"
"09/19/2023","6.53","6.36","6.62","6.16","1.22M","1.56%"
"09/18/2023","6.43","6.93","7.06","6.36","1.37M","-5.58%"
"09/15/2023","6.81","6.74","7.17","6.40","2.97M","0.44%"
"09/14/2023","6.78","7.55","7.71","6.64","1.23M","-9.60%"
"09/13/2023","7.50","8.20","8.24","7.46","760.54K","-8.42%"
"09/12/2023","8.19","7.80","8.32","7.62","654.12K","5.13%"
"09/11/2023","7.79","7.42","7.84","7.28","666.49K","4.99%"
"09/08/2023","7.42","7.57","7.64","7.41","769.58K","-1.98%"
"09/07/2023","7.57","8.10","8.17","7.47","987.52K","-2.32%"
"09/06/2023","7.75","8.28","8.48","7.66","742.09K","-6.40%"
"09/05/2023","8.28","8.98","9.19","8.26","804.53K","-7.59%"
"09/01/2023","8.96","8.61","8.98","8.61","638.20K","4.92%"
"08/31/2023","8.54","8.94","9.10","8.34","1.13M","-4.37%"
"08/30/2023","8.93","8.74","9.06","8.60","956.43K","2.17%"
"08/29/2023","8.74","8.15","8.99","8.09","1.21M","8.98%"
"08/28/2023","8.02","7.84","8.03","7.56","568.94K","3.62%"
"08/25/2023","7.74","7.59","7.89","7.45","676.83K","3.20%"
"08/24/2023","7.50","7.55","7.69","7.30","898.09K","-0.27%"
"08/23/2023","7.52","7.52","8.06","7.45","1.11M","0.27%"
"08/22/2023","7.50","7.27","7.54","7.10","2.81M","3.09%"
"08/21/2023","7.28","7.60","7.95","6.39","4.79M","-6.97%"
"08/18/2023","7.82","7.99","8.26","7.82","677.97K","-3.69%"
"08/17/2023","8.12","8.20","8.29","7.98","716.50K","-1.10%"
"08/16/2023","8.21","8.41","8.52","8.09","1.02M","-3.07%"
"08/15/2023","8.47","8.64","8.67","8.21","1.22M","-2.53%"
"08/14/2023","8.69","8.80","8.94","8.27","1.03M","-3.01%"
"08/11/2023","8.96","9.28","9.56","8.82","695.56K","-3.45%"
"08/10/2023","9.28","9.40","9.63","9.10","658.52K","-1.17%"
"08/09/2023","9.39","10.33","10.91","9.25","1.01M","-4.48%"
"08/08/2023","9.83","9.53","9.97","9.44","816.09K","2.61%"
"08/07/2023","9.58","9.92","10.00","9.33","888.37K","-2.54%"
"08/04/2023","9.83","10.12","10.33","9.73","593.26K","-2.87%"
"08/03/2023","10.12","10.20","10.28","9.83","706.95K","-1.27%"
"08/02/2023","10.25","10.38","10.78","10.12","568.80K","-3.03%"
"08/01/2023","10.57","10.80","10.89","10.28","601.87K","-3.12%"
"07/31/2023","10.91","10.87","10.98","10.70","479.05K","0.46%"
"07/28/2023","10.86","10.14","10.90","10.14","820.97K","8.60%"
"07/27/2023","10.00","10.48","10.68","9.96","788.52K","-4.21%"
"07/26/2023","10.44","10.46","10.56","10.24","930.97K","-0.48%"
"07/25/2023","10.49","10.30","10.60","10.05","597.89K","1.84%"
"07/24/2023","10.30","10.47","10.58","9.85","757.45K","-1.81%"
"07/21/2023","10.49","10.46","10.92","10.27","967.85K","1.25%"
"07/20/2023","10.36","10.40","10.75","10.11","560.74K","-0.38%"
"07/19/2023","10.40","10.66","10.86","10.28","519.40K","-1.79%"
"07/18/2023","10.59","10.96","11.05","10.53","660.25K","-3.55%"
"07/17/2023","10.98","9.80","11.39","9.51","1.67M","16.31%"
"07/14/2023","9.44","9.36","9.59","9.12","589.99K","0.53%"
"07/13/2023","9.39","9.65","9.77","9.37","336.45K","-2.39%"
"07/12/2023","9.62","9.50","9.96","9.34","697.44K","3.44%"
"07/11/2023","9.30","9.69","9.70","9.20","692.42K","-4.12%"
"07/10/2023","9.70","9.30","9.70","9.15","851.12K","4.86%"
"07/07/2023","9.25","9.34","9.56","9.22","724.78K","-0.54%"
"07/06/2023","9.30","9.11","9.58","8.94","1.09M","0.11%"
"07/05/2023","9.29","8.78","9.38","8.72","851.79K","6.17%"
"07/03/2023","8.75","9.54","9.67","8.69","707.69K","-8.18%"
"06/30/2023","9.53","8.39","9.88","8.27","1.78M","14.41%"
"06/29/2023","8.33","8.77","8.77","8.25","2.02M","-3.36%"
"06/28/2023","8.62","8.50","8.63","8.30","915.90K","1.77%"
"06/27/2023","8.47","8.70","8.70","8.11","988.51K","-0.88%"
"06/26/2023","8.55","8.72","8.74","8.31","799.97K","-2.68%"
"06/23/2023","8.78","9.19","9.20","8.27","2.53M","-5.39%"
"06/22/2023","9.28","9.62","9.97","9.26","1.12M","-3.93%"
"06/21/2023","9.66","9.34","9.80","8.97","1.22M","2.33%"
"06/20/2023","9.44","9.55","9.87","9.00","1.43M","-1.56%"
"06/16/2023","9.59","10.39","10.39","9.28","5.66M","-6.16%"
"06/15/2023","10.22","10.57","10.76","10.08","1.08M","-4.40%"
"06/14/2023","10.69","10.98","11.31","10.51","1.07M","-2.20%"
"06/13/2023","10.93","10.28","11.28","10.16","1.43M","7.05%"
"06/12/2023","10.21","10.10","10.58","9.95","1.46M","2.72%"
"06/09/2023","9.94","10.01","10.15","9.72","990.18K","-0.70%"
"06/08/2023","10.01","9.65","10.24","9.59","1.47M","3.95%"
"06/07/2023","9.63","8.67","9.71","8.54","1.54M","11.72%"
"06/06/2023","8.62","8.52","8.64","8.13","1.10M","0.70%"
"06/05/2023","8.56","8.13","8.65","8.04","990.75K","4.39%"
"06/02/2023","8.20","7.66","8.22","7.53","1.05M","7.19%"
"06/01/2023","7.65","7.50","7.84","7.36","1.27M","1.86%"
"05/31/2023","7.51","7.79","8.08","7.25","1.61M","-3.84%"
"05/30/2023","7.81","8.37","8.63","7.79","1.68M","-7.02%"
"05/26/2023","8.40","8.35","8.57","8.11","1.58M","0.24%"
"05/25/2023","8.38","8.50","8.56","8.07","3.31M","-6.79%"
"05/24/2023","8.99","9.39","9.39","8.87","1.69M","-5.07%"
"05/23/2023","9.47","9.87","9.90","9.43","1.05M","-3.76%"
"05/22/2023","9.84","9.56","9.98","9.53","900.68K","3.91%"
"05/19/2023","9.47","9.57","9.76","9.30","907.84K","0.21%"
"05/18/2023","9.45","9.95","9.97","9.23","1.19M","-5.59%"
"05/17/2023","10.01","10.00","10.04","9.78","984.86K","0.30%"
"05/16/2023","9.98","10.20","10.27","9.71","1.46M","-3.11%"
"05/15/2023","10.30","10.16","10.51","10.00","1.08M","2.18%"
"05/12/2023","10.08","10.86","11.09","9.78","2.51M","-6.93%"
"05/11/2023","10.83","11.91","11.98","10.69","3.03M","-9.98%"
"05/10/2023","12.03","14.71","14.76","11.55","4.13M","-18.83%"
"05/09/2023","14.82","14.11","15.12","14.02","731.63K","3.93%"
"05/08/2023","14.26","14.51","14.56","14.01","572.37K","-2.06%"
"05/05/2023","14.56","14.60","14.94","14.54","836.03K","0.55%"
"05/04/2023","14.48","14.84","15.21","14.14","645.81K","-3.47%"
"05/03/2023","15.00","14.35","15.05","14.30","900.54K","5.56%"
"05/02/2023","14.21","14.24","14.39","13.70","1.20M","-1.25%"
"05/01/2023","14.39","13.46","14.69","13.46","697.74K","3.97%"
"04/28/2023","13.84","13.77","14.17","13.29","824.76K","0.58%"
"04/27/2023","13.76","13.89","13.96","13.43","495.76K","-1.01%"
"04/26/2023","13.90","13.51","14.18","13.28","677.13K","3.96%"
"04/25/2023","13.37","13.31","13.41","13.02","441.35K","0.68%"
"04/24/2023","13.28","13.97","13.99","12.95","652.62K","-3.77%"
"04/21/2023","13.80","13.42","14.09","13.15","502.48K","2.60%"
"04/20/2023","13.45","13.44","13.58","13.05","870.19K","-1.03%"
"04/19/2023","13.59","13.56","13.93","13.09","808.81K","-1.66%"
"04/18/2023","13.82","14.11","14.26","13.52","698.87K","-1.14%"
"04/17/2023","13.98","13.77","14.60","13.76","1.10M","0.65%"
"04/14/2023","13.89","14.76","14.81","13.43","1.33M","-5.77%"
"04/13/2023","14.74","13.40","15.40","13.32","2.69M","11.16%"
"04/12/2023","13.26","13.00","13.67","12.94","1.19M","2.87%"
"04/11/2023","12.89","12.38","13.06","12.11","986.12K","4.20%"
"04/10/2023","12.37","12.00","12.47","11.82","797.23K","2.83%"
"04/06/2023","12.03","11.18","12.09","11.08","1.05M","8.48%"
"04/05/2023","11.09","10.69","11.23","10.67","1.30M","2.88%"
"04/04/2023","10.78","11.15","11.20","10.47","1.07M","-3.32%"
"04/03/2023","11.15","11.04","11.46","10.82","1.18M","1.36%"
"03/31/2023","11.00","10.95","11.27","10.89","969.80K","0.92%"
"03/30/2023","10.90","10.75","11.26","10.54","1.05M","1.77%"
"03/29/2023","10.71","10.29","10.98","10.15","1.08M","4.59%"
"03/28/2023","10.24","10.33","10.70","10.19","1.36M","-0.68%"
"03/27/2023","10.31","10.23","10.53","10.18","1.11M","0.78%"
"03/24/2023","10.23","10.69","10.92","10.05","1.14M","-5.28%"
"03/23/2023","10.80","10.98","11.16","10.74","958.88K","-0.55%"
"03/22/2023","10.86","11.59","11.59","10.82","839.24K","-6.06%"
"03/21/2023","11.56","11.68","11.91","11.03","1.11M","-0.09%"
"03/20/2023","11.57","11.15","11.61","10.95","820.20K","4.33%"
"03/17/2023","11.09","10.99","11.26","10.85","1.88M","0.09%"
"03/16/2023","11.08","10.92","11.28","10.74","1.20M","-0.27%"
"03/15/2023","11.11","11.22","11.55","10.65","1.69M","-3.14%"
"03/14/2023","11.47","12.01","12.81","11.38","1.72M","-2.22%"
"03/13/2023","11.73","11.83","12.47","11.58","1.84M","-2.98%"
"03/10/2023","12.09","12.69","12.69","11.87","1.97M","-5.03%"
"03/09/2023","12.73","13.36","13.57","12.06","1.99M","-5.42%"
"03/08/2023","13.46","13.66","13.76","13.31","1.03M","-1.68%"
"03/07/2023","13.69","14.46","14.54","13.64","1.09M","-5.85%"
"03/06/2023","14.54","15.47","15.47","14.43","754.30K","-6.50%"
"03/03/2023","15.55","15.80","16.45","15.55","959.78K","-1.71%"
"03/02/2023","15.82","16.57","16.58","15.39","1.10M","-5.21%"
"03/01/2023","16.69","16.56","17.57","16.39","1.14M","3.15%"
"02/28/2023","16.18","15.99","16.32","15.90","717.36K","1.25%"
"02/27/2023","15.98","15.93","16.46","15.77","811.60K","2.04%"
"02/24/2023","15.66","15.74","16.02","15.35","509.51K","-1.45%"
"02/23/2023","15.89","15.96","16.18","15.63","611.09K","0.13%"
"02/22/2023","15.87","16.15","16.44","15.65","803.63K","-1.92%"
"02/21/2023","16.18","16.83","16.96","16.05","971.69K","-4.66%"
"02/17/2023","16.97","16.69","17.01","16.50","642.52K","2.11%"
"02/16/2023","16.62","16.91","17.43","16.59","1.11M","-3.03%"
"02/15/2023","17.14","17.18","17.18","16.84","474.33K","0.82%"
"02/14/2023","17.00","16.77","17.29","16.60","530.11K","1.01%"
"02/13/2023","16.83","16.76","17.00","16.49","391.11K","1.02%"
"02/10/2023","16.66","16.49","16.72","16.32","705.15K","0.79%"
"02/09/2023","16.53","16.44","16.94","16.34","438.94K","0.85%"
"02/08/2023","16.39","16.74","16.80","16.31","721.96K","-2.03%"
"02/07/2023","16.73","16.59","16.89","16.36","679.73K","1.27%"
"02/06/2023","16.52","16.69","16.86","16.31","872.17K","-0.90%"
"02/03/2023","16.67","16.15","16.80","16.01","834.68K","1.96%"
"02/02/2023","16.35","17.19","17.29","16.16","1.10M","-2.91%"
"02/01/2023","16.84","16.59","17.14","16.20","892.09K","1.63%"
"01/31/2023","16.57","16.16","16.63","16.15","615.50K","3.24%"
"01/30/2023","16.05","16.19","16.37","15.94","540.10K","-3.08%"
"01/27/2023","16.56","16.13","16.65","15.83","584.17K","2.86%"
"01/26/2023","16.10","16.27","16.56","15.63","479.94K","-0.19%"
"01/25/2023","16.13","15.94","16.13","15.50","587.22K","0.56%"
"01/24/2023","16.04","16.32","16.63","16.02","663.87K","-1.72%"
"01/23/2023","16.32","16.29","16.85","16.04","889.33K","0.49%"
"01/20/2023","16.24","15.90","16.35","15.44","1.19M","4.44%"
"01/19/2023","15.55","14.00","15.76","13.90","1.23M","9.74%"
"01/18/2023","14.17","14.79","14.99","14.11","630.05K","-3.41%"
"01/17/2023","14.67","14.20","14.73","13.57","1.26M","3.90%"
"01/13/2023","14.12","13.63","14.14","13.63","812.18K","2.24%"
"01/12/2023","13.81","13.59","13.84","12.81","1.47M","2.07%"
"01/11/2023","13.53","13.71","13.89","13.11","1.17M","-1.89%"
"01/10/2023","13.79","14.46","14.82","13.60","765.36K","-4.77%"
"01/09/2023","14.48","14.93","15.18","14.33","878.29K","-3.53%"
"01/06/2023","15.01","15.15","15.37","14.70","570.83K","-0.60%"
"01/05/2023","15.10","15.48","15.69","14.51","718.51K","-3.76%"
"01/04/2023","15.69","14.75","15.71","14.75","628.32K","6.23%"
"01/03/2023","14.77","15.10","15.10","14.46","641.98K","-0.20%"
"12/30/2022","14.80","14.44","14.81","14.09","459.98K","1.44%"
"12/29/2022","14.59","14.11","14.84","13.95","665.34K","3.77%"
"12/28/2022","14.06","14.13","14.30","13.74","490.58K","0.07%"
"12/27/2022","14.05","14.34","14.36","13.96","684.47K","-1.75%"
"12/23/2022","14.30","14.24","14.78","13.86","683.48K","0.35%"
"12/22/2022","14.25","13.76","14.31","13.37","1.82M","2.08%"
"12/21/2022","13.96","14.19","14.97","13.62","713.34K","-1.69%"
"12/20/2022","14.20","14.71","14.89","14.00","1.20M","-3.60%"
"12/19/2022","14.73","15.84","16.00","14.40","1.18M","-7.71%"
"12/16/2022","15.96","16.26","16.86","15.88","2.14M","-3.21%"
"12/15/2022","16.49","16.50","16.91","16.28","606.58K","-0.84%"
"12/14/2022","16.63","17.00","17.08","16.41","612.32K","-2.52%"
"12/13/2022","17.06","17.30","18.04","16.55","1.09M","2.90%"
"12/12/2022","16.58","16.94","17.09","16.28","1.91M","-2.47%"
"12/09/2022","17.00","16.88","17.19","16.77","424.69K","0.24%"
"12/08/2022","16.96","17.01","17.15","16.67","347.67K","0.00%"
"12/07/2022","16.96","17.06","17.32","16.76","344.52K","-1.62%"
"12/06/2022","17.24","17.43","18.01","17.23","531.29K","-0.63%"
"12/05/2022","17.35","17.70","17.70","17.09","542.49K","-0.91%"
"12/02/2022","17.51","16.95","17.66","16.86","1.13M","2.52%"
"12/01/2022","17.08","17.23","17.30","16.65","696.69K","-0.87%"
"11/30/2022","17.23","17.23","17.38","16.51","1.01M","1.00%"
"11/29/2022","17.06","17.14","17.56","16.63","632.81K","-1.16%"
"11/28/2022","17.26","18.19","18.19","17.15","705.81K","-3.95%"
"11/25/2022","17.97","17.56","18.09","17.50","355.32K","1.35%"
"11/23/2022","17.73","18.40","18.75","17.58","545.39K","-3.17%"
"11/22/2022","18.31","18.02","18.33","17.64","666.38K","0.60%"
"11/21/2022","18.20","18.76","19.01","18.16","727.36K","-2.78%"
"11/18/2022","18.72","19.07","19.10","18.60","546.79K","-0.27%"
"11/17/2022","18.77","19.20","19.20","18.61","532.05K","-2.39%"
"11/16/2022","19.23","19.34","19.68","19.01","815.71K","-1.08%"
"11/15/2022","19.44","19.75","20.11","17.98","2.36M","3.90%"
"11/14/2022","18.71","19.12","19.38","18.61","633.43K","-1.99%"
"11/11/2022","19.09","19.93","19.94","18.81","639.91K","-2.00%"
"11/10/2022","19.48","18.66","19.72","18.66","1.32M","4.62%"
"11/09/2022","18.62","17.21","19.94","16.99","1.09M","-0.43%"
"11/08/2022","18.70","18.78","19.75","18.61","549.24K","1.03%"
"11/07/2022","18.51","17.94","19.41","17.94","818.98K","2.95%"
"11/04/2022","17.98","18.13","18.17","17.49","657.70K","0.56%"
"11/03/2022","17.88","17.29","18.02","17.09","504.47K","1.71%"
"11/02/2022","17.58","18.27","18.59","17.55","655.37K","-3.46%"
"11/01/2022","18.21","17.88","18.53","17.82","526.84K","3.00%"
"10/31/2022","17.68","17.30","17.78","17.06","553.47K","1.03%"
"10/28/2022","17.50","16.80","17.51","16.68","831.05K","5.23%"
"10/27/2022","16.63","16.82","17.10","16.19","451.47K","0.06%"
"10/26/2022","16.62","17.01","17.45","16.32","554.50K","-2.35%"
"10/25/2022","17.02","16.74","17.19","16.74","628.19K","2.35%"
"10/24/2022","16.63","17.60","17.60","16.39","599.05K","-4.86%"
"10/21/2022","17.48","17.41","17.78","17.03","898.60K","0.69%"
"10/20/2022","17.36","17.75","17.99","17.17","657.84K","-2.20%"
"10/19/2022","17.75","18.96","18.99","17.54","928.56K","-6.48%"
"10/18/2022","18.98","19.67","19.92","18.85","406.67K","-2.16%"
"10/17/2022","19.40","19.01","19.46","18.56","745.29K","4.08%"
"10/14/2022","18.64","18.34","18.99","18.25","786.60K","2.31%"
"10/13/2022","18.22","17.84","18.24","17.35","473.38K","-0.16%"
"10/12/2022","18.25","18.35","18.42","17.52","915.27K","-1.51%"
"10/11/2022","18.53","19.01","19.26","18.11","673.20K","-2.68%"
"10/10/2022","19.04","18.97","19.26","18.81","304.00K","-0.52%"
"10/07/2022","19.14","19.51","20.09","19.08","623.77K","-3.33%"
"10/06/2022","19.80","19.78","20.48","19.31","819.68K","-0.70%"
"10/05/2022","19.94","19.79","20.34","19.17","724.80K","-2.25%"
"10/04/2022","20.40","19.47","20.64","19.47","1.24M","6.25%"
"10/03/2022","19.20","19.55","19.69","18.70","669.45K","0.47%"
"09/30/2022","19.11","18.59","19.57","18.59","1.03M","2.58%"
"09/29/2022","18.63","18.72","19.09","18.21","692.83K","-1.74%"
"09/28/2022","18.96","18.35","19.46","18.35","726.24K","3.61%"
"09/27/2022","18.30","18.82","19.03","17.89","770.78K","0.49%"
"09/26/2022","18.21","18.28","19.64","18.09","748.42K","0.11%"
"09/23/2022","18.19","18.28","18.48","17.72","500.13K","-1.46%"
"09/22/2022","18.46","18.77","18.97","18.27","453.01K","-1.55%"
"09/21/2022","18.75","19.16","19.53","18.50","747.43K","-2.50%"
"09/20/2022","19.23","18.14","19.31","18.00","831.72K","4.00%"
"09/19/2022","18.49","17.61","18.70","17.51","602.05K","3.59%"
"09/16/2022","17.85","18.44","18.50","17.01","2.90M","-4.49%"
"09/15/2022","18.69","19.02","19.27","18.35","1.05M","-2.76%"
"09/14/2022","19.22","20.33","20.83","19.20","801.17K","-5.97%"
"09/13/2022","20.44","21.04","21.26","20.17","505.11K","-5.06%"
"09/12/2022","21.53","21.67","21.89","20.81","674.79K","5.38%"
"09/09/2022","20.43","22.00","22.04","20.20","874.54K","-7.51%"
"09/08/2022","22.09","21.55","22.57","21.54","732.87K","2.55%"
"09/07/2022","21.54","21.51","21.81","20.82","582.91K","2.18%"
"09/06/2022","21.08","23.92","23.92","20.80","740.42K","-12.57%"
"09/02/2022","24.11","26.87","26.87","24.03","760.27K","-10.27%"
"09/01/2022","26.87","27.04","27.13","25.30","421.79K","-0.30%"
"08/31/2022","26.95","25.95","27.40","25.72","986.67K","4.42%"
"08/30/2022","25.81","24.45","25.84","24.38","383.54K","5.65%"
"08/29/2022","24.43","24.06","24.82","24.01","312.96K","-0.12%"
"08/26/2022","24.46","24.05","24.97","23.47","616.69K","3.53%"
"08/25/2022","23.63","24.05","24.05","22.88","529.49K","-0.94%"
"08/24/2022","23.85","25.69","25.69","23.73","481.21K","-6.40%"
"08/23/2022","25.48","25.32","25.95","24.52","343.12K","0.83%"
"08/22/2022","25.27","25.30","25.70","24.76","384.45K","-1.60%"
"08/19/2022","25.68","25.83","26.14","25.03","325.44K","-1.19%"
"08/18/2022","25.99","25.15","26.14","24.68","388.81K","3.46%"
"08/17/2022","25.12","25.00","25.41","24.69","375.34K","0.12%"
"08/16/2022","25.09","24.61","25.13","23.89","408.55K","1.50%"
"08/15/2022","24.72","24.90","25.22","24.48","309.37K","-1.63%"
"08/12/2022","25.13","24.82","25.60","23.50","730.70K","1.21%"
"08/11/2022","24.83","24.96","25.32","24.56","445.69K","-0.12%"
"08/10/2022","24.86","25.00","25.71","24.73","514.91K","0.08%"
"08/09/2022","24.84","24.85","25.29","24.64","420.52K","-0.16%"
"08/08/2022","24.88","25.24","25.58","24.04","504.65K","-1.07%"
"08/05/2022","25.15","24.35","25.58","23.77","1.22M","2.19%"
"08/04/2022","24.61","22.30","24.64","22.30","1.91M","10.81%"
"08/03/2022","22.21","21.85","23.76","21.67","3.17M","13.90%"
"08/02/2022","19.50","20.06","20.47","19.44","1.05M","-3.75%"
"08/01/2022","20.26","24.80","25.28","20.23","1.53M","-16.49%"
"07/29/2022","24.26","23.35","24.56","23.00","608.08K","3.85%"
"07/28/2022","23.36","22.50","23.50","21.89","670.35K","4.99%"
"07/27/2022","22.25","22.03","22.46","21.85","590.95K","1.14%"
"07/26/2022","22.00","21.89","23.19","21.75","535.24K","1.10%"
"07/25/2022","21.76","21.70","22.55","20.92","352.81K","1.12%"
"07/22/2022","21.52","22.86","22.86","21.30","430.66K","-5.16%"
"07/21/2022","22.69","24.32","24.47","22.53","409.85K","-5.73%"
"07/20/2022","24.07","24.69","25.14","23.90","493.51K","-3.06%"
"07/19/2022","24.83","23.67","25.21","23.63","309.47K","4.72%"
"07/18/2022","23.71","24.50","25.05","23.60","310.85K","-2.02%"
"07/15/2022","24.20","24.39","24.55","23.48","368.48K","1.13%"
"07/14/2022","23.93","24.07","24.40","23.49","218.99K","-1.32%"
"07/13/2022","24.25","23.23","24.55","23.23","353.51K","1.85%"
"07/12/2022","23.81","25.54","25.61","23.28","396.66K","-7.03%"
"07/11/2022","25.61","24.87","26.13","24.71","567.96K","0.43%"
"07/08/2022","25.50","23.00","25.84","22.95","568.00K","11.11%"
"07/07/2022","22.95","22.95","23.59","22.21","400.24K","0.83%"
"07/06/2022","22.76","22.07","23.38","21.97","526.47K","3.62%"
"07/05/2022","21.97","21.55","22.13","21.40","479.44K","1.08%"
"07/01/2022","21.73","21.24","21.89","21.16","366.58K","1.97%"
"06/30/2022","21.31","21.78","22.26","20.87","566.92K","-3.66%"
"06/29/2022","22.12","21.91","22.36","21.18","412.77K","0.41%"
"06/28/2022","22.03","21.86","22.75","21.53","475.71K","1.38%"
"06/27/2022","21.73","20.15","22.00","20.10","262.90K","5.43%"
"06/24/2022","20.61","22.44","22.97","20.50","1.84M","-6.91%"
"06/23/2022","22.14","22.24","22.50","21.79","593.49K","0.64%"
"06/22/2022","22.00","21.08","22.73","20.61","482.89K","2.76%"
"06/21/2022","21.41","21.68","22.79","21.38","424.95K","1.23%"
"06/17/2022","21.15","19.53","21.61","19.53","805.32K","8.46%"
"06/16/2022","19.50","19.94","19.95","18.71","461.19K","-5.11%"
"06/15/2022","20.55","19.87","20.71","19.44","522.74K","3.68%"
"06/14/2022","19.82","20.08","20.29","19.29","516.96K","-0.95%"
"06/13/2022","20.01","20.38","20.53","19.67","388.42K","-5.17%"
"06/10/2022","21.10","21.27","21.57","20.15","177.58K","-2.76%"
"06/09/2022","21.70","21.39","22.03","20.99","372.67K","0.88%"
"06/08/2022","21.51","21.41","22.15","21.00","240.71K","0.51%"
"06/07/2022","21.40","20.44","21.44","20.43","284.75K","4.14%"
"06/06/2022","20.55","21.50","21.77","19.98","438.78K","-3.11%"
"06/03/2022","21.21","20.45","21.73","19.75","280.48K","3.11%"
"06/02/2022","20.57","20.18","20.78","19.27","286.91K","1.38%"
"06/01/2022","20.29","20.92","21.16","20.06","339.23K","-2.83%"
"05/31/2022","20.88","20.92","21.06","20.32","445.37K","-0.52%"
"05/27/2022","20.99","19.77","21.31","19.20","834.71K","6.77%"
"05/26/2022","19.66","19.95","20.36","19.25","500.35K","0.31%"
"05/25/2022","19.60","22.05","22.33","18.20","1.42M","-11.71%"
"05/24/2022","22.20","20.98","22.60","20.11","660.59K","4.13%"
"05/23/2022","21.32","20.95","21.86","20.63","317.09K","3.19%"
"05/20/2022","20.66","20.13","20.83","19.76","316.61K","4.08%"
"05/19/2022","19.85","19.48","20.27","18.92","427.82K","1.79%"
"05/18/2022","19.50","18.87","19.79","18.87","317.12K","-0.15%"
"05/17/2022","19.53","18.77","19.61","18.46","154.34K","7.01%"
"05/16/2022","18.25","17.63","18.68","17.37","136.41K","1.78%"
"05/13/2022","17.93","18.03","18.33","17.69","301.05K","2.52%"
"05/12/2022","17.49","16.11","17.74","16.07","226.17K","7.10%"
"05/11/2022","16.33","18.82","18.82","16.14","395.43K","-13.60%"
"05/10/2022","18.90","19.53","19.89","17.99","325.00K","0.32%"
"05/09/2022","18.84","18.97","19.45","18.50","288.43K","-2.89%"
"05/06/2022","19.40","20.71","20.99","19.38","385.08K","-7.71%"
"05/05/2022","21.02","21.90","22.05","20.74","222.99K","-4.41%"
"05/04/2022","21.99","21.28","22.12","20.10","168.45K","2.23%"
"05/03/2022","21.51","21.30","21.76","20.64","149.37K","0.80%"
"05/02/2022","21.34","20.26","21.37","20.06","219.46K","5.70%"
"04/29/2022","20.19","19.85","21.07","19.76","237.15K","1.97%"
"04/28/2022","19.80","20.02","20.58","19.40","324.87K","0.15%"
"04/27/2022","19.77","19.87","20.31","19.62","263.97K","-0.75%"
"04/26/2022","19.92","21.06","21.25","19.86","261.74K","-6.30%"
"04/25/2022","21.26","20.10","21.38","19.96","275.90K","5.35%"
"04/22/2022","20.18","19.98","20.42","19.89","173.38K","-0.15%"
"04/21/2022","20.21","20.46","21.34","19.85","314.73K","-2.65%"
"04/20/2022","20.76","20.50","21.16","20.00","140.36K","1.96%"
"04/19/2022","20.36","20.09","20.90","19.74","117.62K","1.29%"
"04/18/2022","20.10","20.88","20.88","19.95","274.05K","-4.42%"
"04/14/2022","21.03","21.95","22.17","21.00","108.57K","-4.06%"
"04/13/2022","21.92","20.21","22.06","20.21","140.25K","6.93%"
"04/12/2022","20.50","21.08","21.80","20.20","335.16K","-1.35%"
"04/11/2022","20.78","20.84","21.32","20.70","349.95K","-1.56%"
"04/08/2022","21.11","20.48","21.20","20.10","445.11K","2.63%"
"04/07/2022","20.57","20.77","21.10","20.38","587.36K","-1.01%"
"04/06/2022","20.78","20.82","21.02","20.30","610.74K","-0.72%"
"04/05/2022","20.93","21.43","22.10","20.88","435.24K","-1.97%"
"04/04/2022","21.35","20.47","21.44","20.20","668.27K","4.97%"
"04/01/2022","20.34","19.30","20.56","19.28","429.74K","5.61%"
"03/31/2022","19.26","18.57","19.68","18.57","262.50K","2.72%"
"03/30/2022","18.75","18.46","19.35","18.06","375.85K","1.63%"
"03/29/2022","18.45","17.49","18.67","17.49","465.64K","5.79%"
"03/28/2022","17.44","17.14","17.49","16.30","191.73K","1.45%"
"03/25/2022","17.19","17.58","18.08","16.91","123.81K","-2.83%"
"03/24/2022","17.69","17.89","18.09","17.46","126.98K","0.63%"
"03/23/2022","17.58","17.52","18.18","17.45","367.04K","-1.07%"
"03/22/2022","17.77","16.68","17.84","16.65","186.93K","7.76%"
"03/21/2022","16.49","17.00","17.09","16.08","466.24K","-2.54%"
"03/18/2022","16.92","16.92","17.70","16.42","565.50K","-1.17%"
"03/17/2022","17.12","16.62","17.17","16.43","223.00K","5.35%"
"03/16/2022","16.25","16.26","16.85","15.81","386.39K","1.69%"
"03/15/2022","15.98","15.91","16.05","15.40","109.71K","1.52%"
"03/14/2022","15.74","16.81","17.06","15.51","231.77K","-6.59%"
"03/11/2022","16.85","17.87","18.00","16.79","313.04K","-4.21%"
"03/10/2022","17.59","16.65","17.80","16.57","1.17M","3.41%"
"03/09/2022","17.01","16.13","17.14","15.03","286.25K","8.48%"
"03/08/2022","15.68","16.61","16.71","15.59","226.59K","-5.03%"
"03/07/2022","16.51","16.95","17.49","16.35","131.69K","-1.67%"
"03/04/2022","16.79","17.10","17.73","16.60","169.46K","-4.98%"
"03/03/2022","17.67","18.42","18.42","17.18","136.62K","-3.44%"
"03/02/2022","18.30","17.81","18.98","17.81","267.32K","4.57%"
"03/01/2022","17.50","17.85","18.30","17.40","342.13K","-1.69%"
"02/28/2022","17.80","17.57","18.90","16.95","235.67K","-1.06%"
"02/25/2022","17.99","17.87","18.29","16.92","188.41K","0.56%"
"02/24/2022","17.89","15.16","17.98","14.57","470.61K","10.77%"
"02/23/2022","16.15","16.25","17.40","16.08","194.24K","0.87%"
"02/22/2022","16.01","15.79","16.57","15.54","108.15K","0.19%"
"02/18/2022","15.98","15.85","16.36","15.58","126.41K","-0.25%"
"02/17/2022","16.02","16.14","16.95","15.86","134.99K","-4.30%"
"02/16/2022","16.74","16.33","17.00","16.14","69.86K","1.45%"
"02/15/2022","16.50","15.75","16.87","15.71","229.81K","7.70%"
"02/14/2022","15.32","15.24","15.96","15.05","234.18K","-0.97%"
"02/11/2022","15.47","15.86","16.18","15.36","168.30K","-2.64%"
"02/10/2022","15.89","16.57","17.15","15.50","308.29K","-6.03%"
"02/09/2022","16.91","15.60","17.35","15.60","372.73K","8.33%"
"02/08/2022","15.61","15.49","15.73","14.77","172.30K","0.84%"
"02/07/2022","15.48","14.81","15.75","14.81","134.97K","4.52%"
"02/04/2022","14.81","14.53","15.13","14.19","130.21K","0.89%"
"02/03/2022","14.68","14.66","15.10","14.61","126.62K","-1.21%"
"02/02/2022","14.86","15.54","15.88","14.58","194.68K","-4.13%"
"02/01/2022","15.50","15.12","15.81","14.84","213.62K","2.58%"
"01/31/2022","15.11","14.59","15.21","14.59","170.06K","3.00%"
"01/28/2022","14.67","14.36","14.79","13.59","129.59K","2.02%"
"01/27/2022","14.38","15.15","15.28","14.22","206.38K","-4.64%"
"01/26/2022","15.08","15.55","16.47","14.90","292.10K","-2.20%"
"01/25/2022","15.42","15.59","15.84","14.59","283.45K","-2.96%"
"01/24/2022","15.89","15.00","16.03","14.49","272.23K","3.18%"
"01/21/2022","15.40","15.18","15.73","14.81","265.11K","1.65%"
"01/20/2022","15.15","15.91","16.16","15.09","111.03K","-3.01%"
"01/19/2022","15.62","16.43","16.66","15.55","110.55K","-2.92%"
"01/18/2022","16.09","17.02","17.40","15.96","240.93K","-7.58%"
"01/14/2022","17.41","17.13","17.66","16.12","342.54K","2.77%"
"01/13/2022","16.94","18.07","18.12","16.83","263.95K","-5.36%"
"01/12/2022","17.90","18.94","18.94","17.86","138.64K","-5.09%"
"01/11/2022","18.86","18.95","19.80","18.56","96.16K","0.11%"
"01/10/2022","18.84","18.53","18.98","17.70","120.54K","0.96%"
"01/07/2022","18.66","19.70","20.29","18.40","123.73K","-5.28%"
"01/06/2022","19.70","20.26","20.30","18.74","228.43K","-2.91%"
"01/05/2022","20.29","22.10","22.87","20.24","235.75K","-9.82%"
"01/04/2022","22.50","22.31","23.00","22.06","241.36K","-1.27%"
"01/03/2022","22.79","20.33","22.86","20.31","153.67K","9.88%"
"12/31/2021","20.74","20.46","20.95","20.26","156.21K","1.27%"
"12/30/2021","20.48","20.49","21.33","20.08","169.76K","-0.05%"
"12/29/2021","20.49","20.72","20.97","19.69","178.16K","-2.15%"
"12/28/2021","20.94","20.12","21.88","20.12","248.90K","3.56%"
"12/27/2021","20.22","19.98","20.50","19.88","256.88K","0.60%"
"12/23/2021","20.10","18.85","20.38","17.56","337.16K","8.41%"
"12/22/2021","18.54","17.42","18.64","17.11","145.41K","4.33%"
"12/21/2021","17.77","17.28","18.12","17.28","106.83K","2.07%"
"12/20/2021","17.41","16.80","17.70","16.47","141.48K","1.99%"
"12/17/2021","17.07","16.53","17.24","15.70","302.39K","3.45%"
"12/16/2021","16.50","16.11","16.64","15.78","209.71K","3.13%"
"12/15/2021","16.00","14.88","16.04","14.16","306.76K","6.81%"
"12/14/2021","14.98","15.70","15.70","14.83","166.06K","-3.54%"
"12/13/2021","15.53","14.86","15.97","14.86","154.23K","1.44%"
"12/10/2021","15.31","15.95","16.07","15.24","141.68K","-3.04%"
"12/09/2021","15.79","16.07","16.38","15.52","158.40K","-3.19%"
"12/08/2021","16.31","16.48","17.00","16.13","151.09K","-1.27%"
"12/07/2021","16.52","15.95","16.68","15.67","283.20K","6.37%"
"12/06/2021","15.53","15.12","15.71","14.92","196.85K","1.04%"
"12/03/2021","15.37","16.02","16.02","14.93","558.70K","-3.94%"
"12/02/2021","16.00","15.67","16.08","15.15","247.92K","3.49%"
"12/01/2021","15.46","16.80","16.80","15.41","231.71K","-6.70%"
"11/30/2021","16.57","15.71","16.94","15.30","334.47K","5.14%"
"11/29/2021","15.76","16.83","16.99","15.56","480.23K","-5.46%"
"11/26/2021","16.67","17.11","17.42","16.05","145.95K","-5.98%"
"11/24/2021","17.73","17.46","18.25","17.02","326.15K","1.26%"
"11/23/2021","17.51","17.78","17.78","16.25","319.31K","3.24%"
"11/22/2021","16.96","17.60","18.16","16.92","254.76K","-6.76%"
"11/19/2021","18.19","18.75","18.89","18.12","126.46K","-3.45%"
"11/18/2021","18.84","19.73","19.73","18.75","165.26K","-2.74%"
"11/17/2021","19.37","20.00","20.24","19.28","103.78K","-3.15%"
"11/16/2021","20.00","20.22","20.31","19.68","94.44K","-1.23%"
"11/15/2021","20.25","21.24","21.58","20.25","127.73K","-4.44%"
"11/12/2021","21.19","21.36","21.60","20.87","59.68K","-0.24%"
"11/11/2021","21.24","21.67","21.99","21.11","133.92K","-1.48%"
"11/10/2021","21.56","21.96","22.33","21.38","54.85K","-2.88%"
"11/09/2021","22.20","21.94","22.32","21.38","68.37K","1.23%"
"11/08/2021","21.93","22.36","22.88","21.84","50.45K","-0.54%"
"11/05/2021","22.05","21.60","22.38","21.01","187.61K","2.27%"
"11/04/2021","21.56","24.02","24.23","21.29","308.67K","-9.60%"
"11/03/2021","23.85","22.98","23.91","22.98","111.53K","3.92%"
"11/02/2021","22.95","22.82","23.10","22.39","42.92K","0.44%"
"11/01/2021","22.85","21.31","22.98","21.12","98.75K","7.88%"
"10/29/2021","21.18","21.65","21.95","20.67","78.13K","-2.13%"
"10/28/2021","21.64","20.96","21.72","19.12","74.03K","2.51%"
"10/27/2021","21.11","21.57","21.89","21.09","150.26K","-2.76%"
"10/26/2021","21.71","21.82","22.09","21.51","50.15K","0.23%"
"10/25/2021","21.66","21.51","21.84","21.16","50.12K","0.42%"
"10/22/2021","21.57","21.85","21.85","21.15","59.96K","-0.96%"
"10/21/2021","21.78","21.28","22.05","21.28","48.98K","-0.14%"
"10/20/2021","21.81","21.94","22.10","21.57","55.48K","-0.77%"
"10/19/2021","21.98","20.98","22.30","20.75","68.03K","4.32%"
"10/18/2021","21.07","22.24","22.24","20.91","113.63K","-5.43%"
"10/15/2021","22.28","22.91","22.91","22.13","76.30K","-1.85%"
"10/14/2021","22.70","22.90","23.39","22.47","68.10K","0.27%"
"10/13/2021","22.64","22.25","22.68","21.93","134.99K","3.05%"
"10/12/2021","21.97","21.87","22.43","21.86","67.83K","0.97%"
"10/11/2021","21.76","22.19","22.45","21.20","88.53K","-2.60%"
"10/08/2021","22.34","22.86","23.24","22.11","57.04K","-3.12%"
"10/07/2021","23.06","23.62","23.69","22.47","153.34K","-2.37%"
"10/06/2021","23.62","25.05","25.05","23.35","660.61K","-7.37%"
"10/05/2021","25.50","24.89","25.73","24.51","213.01K","2.16%"
"10/04/2021","24.96","25.35","25.41","24.01","168.89K","-0.99%"
"10/01/2021","25.21","23.90","25.37","23.23","199.63K","5.53%"
"09/30/2021","23.89","22.89","24.42","22.46","198.72K","5.71%"
"09/29/2021","22.60","22.95","22.95","22.27","99.34K","-0.31%"
"09/28/2021","22.67","22.95","23.01","22.25","114.63K","-2.33%"
"09/27/2021","23.21","23.26","23.91","22.56","68.25K","0.13%"
"09/24/2021","23.18","23.44","24.13","22.78","204.12K","-3.09%"
"09/23/2021","23.92","23.69","23.93","22.72","143.64K","1.61%"
"09/22/2021","23.54","22.82","23.98","22.36","237.46K","4.11%"
"09/21/2021","22.61","22.03","22.81","22.03","64.79K","3.43%"
"09/20/2021","21.86","22.29","22.71","21.45","103.42K","-3.57%"
"09/17/2021","22.67","22.47","23.19","21.85","519.54K","1.89%"
"09/16/2021","22.25","21.36","22.38","21.36","98.67K","2.16%"
"09/15/2021","21.78","21.13","22.00","21.13","84.45K","2.49%"
"09/14/2021","21.25","20.27","21.27","20.22","165.53K","4.94%"
"09/13/2021","20.25","21.09","21.56","20.10","169.31K","-4.26%"
"09/10/2021","21.15","22.46","22.78","20.99","174.71K","-4.99%"
"09/09/2021","22.26","20.40","22.77","20.22","260.64K","8.59%"
"09/08/2021","20.50","20.62","20.91","19.95","297.01K","-0.49%"
"09/07/2021","20.60","21.47","21.47","20.31","234.82K","-4.85%"
"09/03/2021","21.65","22.11","22.11","21.00","251.27K","-2.30%"
"09/02/2021","22.16","21.25","22.76","20.82","250.68K","4.18%"
"09/01/2021","21.27","21.27","21.70","20.29","237.53K","0.47%"
"08/31/2021","21.17","21.10","21.39","20.79","63.66K","0.47%"
"08/30/2021","21.07","21.70","22.28","20.85","105.27K","-2.86%"
"08/27/2021","21.69","20.61","22.21","20.37","166.89K","5.39%"
"08/26/2021","20.58","20.75","21.27","20.53","84.38K","-1.39%"
"08/25/2021","20.87","20.60","21.40","20.36","70.96K","1.36%"
"08/24/2021","20.59","21.06","21.36","20.18","66.44K","-2.09%"
"08/23/2021","21.03","20.67","21.87","19.98","124.09K","3.85%"
"08/20/2021","20.25","19.45","20.50","19.01","85.49K","3.26%"
"08/19/2021","19.61","20.00","20.06","19.45","184.82K","-1.46%"
"08/18/2021","19.90","19.62","20.60","19.22","85.99K","1.48%"
"08/17/2021","19.61","19.13","19.71","18.51","167.58K","1.71%"
"08/16/2021","19.28","20.21","20.25","19.08","150.79K","-5.86%"
"08/13/2021","20.48","21.70","21.70","20.29","109.36K","-5.01%"
"08/12/2021","21.56","21.45","22.26","21.25","94.49K","-2.44%"
"08/11/2021","22.10","21.39","22.21","21.17","107.85K","0.96%"
"08/10/2021","21.89","22.05","22.14","21.70","102.27K","-0.45%"
"08/09/2021","21.99","21.19","22.49","21.19","450.09K","2.52%"
"08/06/2021","21.45","21.87","21.96","21.25","133.04K","-1.74%"
"08/05/2021","21.83","20.81","21.92","20.76","371.13K","4.95%"
"08/04/2021","20.80","22.36","22.83","20.76","330.78K","-8.93%"
"08/03/2021","22.84","23.16","23.33","22.01","166.20K","-1.89%"
"08/02/2021","23.28","23.00","23.79","23.00","94.03K","-0.21%"
"07/30/2021","23.33","23.46","23.77","23.04","99.17K","-1.35%"
"07/29/2021","23.65","24.11","24.58","23.12","112.25K","-1.95%"
"07/28/2021","24.12","23.59","24.59","23.28","100.60K","3.70%"
"07/27/2021","23.26","23.57","23.97","22.38","177.41K","-1.82%"
"07/26/2021","23.69","24.52","24.80","23.50","117.09K","-2.83%"
"07/23/2021","24.38","24.97","25.23","24.00","110.45K","-2.28%"
"07/22/2021","24.95","26.27","26.27","24.93","87.40K","-4.84%"
"07/21/2021","26.22","26.60","26.70","26.00","65.25K","-1.13%"
"07/20/2021","26.52","25.80","26.75","25.80","156.26K","3.07%"
"07/19/2021","25.73","25.13","26.07","24.85","100.96K","0.51%"
"07/16/2021","25.60","25.22","25.97","24.43","124.78K","2.89%"
"07/15/2021","24.88","24.90","25.56","24.31","91.96K","-0.12%"
"07/14/2021","24.91","26.80","27.18","24.56","222.61K","-8.08%"
"07/13/2021","27.10","27.06","27.45","26.52","118.05K","0.15%"
"07/12/2021","27.06","26.45","27.19","26.01","129.65K","2.15%"
"07/09/2021","26.49","25.25","26.57","25.25","78.34K","4.29%"
"07/08/2021","25.40","24.45","25.68","24.21","144.45K","2.09%"
"07/07/2021","24.88","25.29","25.40","24.59","155.70K","-2.20%"
"07/06/2021","25.44","26.58","26.64","25.20","119.91K","-3.45%"
"07/02/2021","26.35","26.50","26.72","25.55","112.50K","-0.57%"
"07/01/2021","26.50","26.49","27.33","25.69","308.94K","-2.89%"
"06/30/2021","27.29","26.53","27.53","25.88","180.03K","5.65%"
"06/29/2021","25.83","26.90","27.17","25.77","192.21K","-4.51%"
"06/28/2021","27.05","27.52","27.88","26.82","87.72K","-1.24%"
"06/25/2021","27.39","27.50","27.67","27.10","1.42M","0.11%"
"06/24/2021","27.36","27.53","27.53","26.98","176.27K","1.79%"
"06/23/2021","26.88","26.33","27.08","26.03","123.58K","1.82%"
"06/22/2021","26.40","27.20","27.47","26.17","95.85K","-3.30%"
"06/21/2021","27.30","27.50","27.50","26.60","119.20K","-0.18%"
"06/18/2021","27.35","27.44","27.87","26.60","473.45K","-1.72%"
"06/17/2021","27.83","27.77","28.22","27.02","241.08K","-1.03%"
"06/16/2021","28.12","28.60","28.98","27.21","221.14K","-1.37%"
"06/15/2021","28.51","29.17","29.37","27.93","95.74K","-1.96%"
"06/14/2021","29.08","28.55","29.21","28.55","127.93K","2.54%"
"06/11/2021","28.36","28.20","28.42","27.85","83.34K","0.75%"
"06/10/2021","28.15","27.68","28.48","27.68","78.76K","1.37%"
"06/09/2021","27.77","28.18","28.50","27.66","83.10K","-0.61%"
"06/08/2021","27.94","28.14","28.81","26.81","147.58K","0.43%"
"06/07/2021","27.82","26.35","28.08","26.12","204.39K","5.46%"
"06/04/2021","26.38","26.70","27.07","26.10","84.36K","-1.35%"
"06/03/2021","26.74","26.50","27.00","26.03","134.43K","0.00%"
"06/02/2021","26.74","27.50","27.64","26.35","155.65K","-2.48%"
"06/01/2021","27.42","26.41","27.83","26.30","168.97K","4.06%"
"05/28/2021","26.35","26.13","27.23","26.13","197.46K","0.46%"
"05/27/2021","26.23","27.36","27.36","25.15","340.84K","1.98%"
"05/26/2021","25.72","25.22","26.30","24.71","157.96K","2.31%"
"05/25/2021","25.14","25.23","26.16","25.01","203.01K","-0.44%"
"05/24/2021","25.25","25.46","25.72","24.95","112.51K","-0.39%"
"05/21/2021","25.35","25.41","25.59","24.80","137.26K","0.96%"
"05/20/2021","25.11","24.29","25.26","24.26","151.62K","2.83%"
"05/19/2021","24.42","24.58","24.79","23.77","168.67K","-2.44%"
"05/18/2021","25.03","25.04","25.82","24.60","242.31K","-0.20%"
"05/17/2021","25.08","25.57","25.68","24.57","319.04K","-2.60%"
"05/14/2021","25.75","25.40","26.21","25.11","305.67K","0.78%"
"05/13/2021","25.55","27.21","28.06","24.79","598.43K","-6.26%"
"05/12/2021","27.25","30.01","30.07","27.02","436.28K","-7.98%"
"05/11/2021","29.62","31.35","31.62","28.70","549.16K","-9.00%"
"05/10/2021","32.55","34.85","34.85","32.43","237.30K","-4.63%"
"05/07/2021","34.13","33.64","35.21","33.29","305.80K","4.63%"
"05/06/2021","32.62","34.75","34.75","30.94","461.21K","-2.83%"
"05/05/2021","33.57","34.00","34.96","33.46","316.30K","1.02%"
"05/04/2021","33.23","35.00","35.05","33.06","450.79K","-4.37%"
"05/03/2021","34.75","35.28","35.49","33.60","733.68K","3.73%"
"04/30/2021","33.50","33.72","36.45","33.31","1.54M","9.66%"
"04/29/2021","30.55","30.39","30.88","29.28","74.46K","1.50%"
"04/28/2021","30.10","30.04","30.64","29.64","70.48K","-0.76%"
"04/27/2021","30.33","30.64","31.28","29.90","55.53K","-0.69%"
"04/26/2021","30.54","29.06","30.81","28.10","93.22K","5.42%"
"04/23/2021","28.97","30.58","31.13","28.56","163.43K","-5.23%"
"04/22/2021","30.57","30.14","31.97","29.90","170.53K","1.02%"
"04/21/2021","30.26","28.71","30.41","27.10","106.20K","5.58%"
"04/20/2021","28.66","27.94","28.87","27.48","198.04K","2.69%"
"04/19/2021","27.91","27.24","28.13","27.04","132.29K","1.42%"
"04/16/2021","27.52","28.94","28.94","27.14","148.36K","-4.04%"
"04/15/2021","28.68","28.35","29.03","28.03","63.87K","2.10%"
"04/14/2021","28.09","27.89","28.80","27.58","109.74K","1.01%"
"04/13/2021","27.81","27.25","28.05","26.88","67.18K","2.62%"
"04/12/2021","27.10","26.63","27.65","25.82","145.61K","1.80%"
"04/09/2021","26.62","27.34","27.54","26.15","77.20K","-3.38%"
"04/08/2021","27.55","28.37","29.24","27.15","187.90K","-1.57%"
"04/07/2021","27.99","28.23","28.52","27.51","205.14K","0.47%"
"04/06/2021","27.86","28.75","28.81","27.51","167.99K","0.36%"
"04/05/2021","27.76","29.93","30.08","27.14","224.61K","-6.66%"
"04/01/2021","29.74","29.27","30.28","28.40","248.51K","2.80%"
"03/31/2021","28.93","27.10","29.23","27.00","167.75K","7.47%"
"03/30/2021","26.92","26.56","27.53","26.00","69.69K","1.16%"
"03/29/2021","26.61","27.86","28.12","26.27","116.99K","-5.40%"
"03/26/2021","28.13","28.16","30.98","27.30","88.60K","-0.21%"
"03/25/2021","28.19","28.31","29.46","27.38","299.62K","-0.98%"
"03/24/2021","28.47","29.91","29.96","28.38","190.93K","-4.56%"
"03/23/2021","29.83","31.00","31.43","29.26","211.05K","-5.27%"
"03/22/2021","31.49","30.73","31.74","30.18","131.82K","2.14%"
"03/19/2021","30.83","30.64","31.39","29.87","685.47K","1.78%"
"03/18/2021","30.29","31.98","32.35","29.84","163.33K","-6.34%"
"03/17/2021","32.34","32.31","32.74","30.02","190.55K","4.59%"
"03/16/2021","30.92","32.82","33.20","30.24","109.45K","-4.98%"
"03/15/2021","32.54","32.92","32.96","31.97","60.05K","-0.03%"
"03/12/2021","32.55","32.52","33.18","32.17","93.97K","-0.88%"
"03/11/2021","32.84","32.53","33.73","32.15","139.80K","1.99%"
"03/10/2021","32.20","32.90","33.82","31.52","106.56K","-2.48%"
"03/09/2021","33.02","30.66","33.11","30.66","164.73K","9.05%"
"03/08/2021","30.28","31.30","32.00","29.94","142.40K","-3.10%"
"03/05/2021","31.25","30.55","32.60","29.71","273.96K","1.82%"
"03/04/2021","30.69","32.75","33.10","29.11","288.73K","-5.39%"
"03/03/2021","32.44","35.01","35.66","32.22","249.73K","-7.42%"
"03/02/2021","35.04","35.03","35.89","35.00","222.87K","0.20%"
"03/01/2021","34.97","34.24","35.28","33.73","350.81K","2.34%"
"02/26/2021","34.17","34.49","35.09","32.67","155.30K","-0.20%"
"02/25/2021","34.24","35.00","35.21","33.20","174.44K","-2.17%"
"02/24/2021","35.00","36.53","36.53","34.86","192.84K","-2.37%"
"02/23/2021","35.85","35.03","36.60","34.27","278.93K","0.53%"
"02/22/2021","35.66","35.90","36.50","34.74","183.08K","-1.33%"
"02/19/2021","36.14","36.23","36.47","35.07","189.88K","3.32%"
"02/18/2021","34.98","34.53","36.38","34.22","324.61K","-0.17%"
"02/17/2021","35.04","34.76","35.95","33.46","488.74K","4.01%"
"02/16/2021","33.69","35.58","35.87","33.61","492.25K","-3.96%"
"02/12/2021","35.08","35.50","36.12","34.10","116.35K","0.78%"
"02/11/2021","34.81","36.47","36.49","34.00","164.13K","-3.68%"
"02/10/2021","36.14","35.64","36.49","34.33","203.87K","0.28%"
"02/09/2021","36.04","38.00","38.49","35.43","240.18K","-2.54%"
"02/08/2021","36.98","35.27","37.14","35.25","303.13K","5.54%"
"02/05/2021","35.04","35.50","35.50","32.90","394.34K","0.40%"
"02/04/2021","34.90","34.89","35.31","34.30","545.92K","0.78%"
"02/03/2021","34.63","35.86","36.44","33.22","1.95M","-4.07%"
"02/02/2021","36.10","35.69","36.95","33.07","482.31K","1.46%"
"02/01/2021","35.58","33.25","36.75","32.00","1.50M","30.38%"
"01/29/2021","27.29","26.00","27.49","24.69","137.97K","4.72%"
"01/28/2021","26.06","25.26","26.55","24.95","427.89K","6.50%"
"01/27/2021","24.47","26.38","26.38","24.25","197.84K","-7.70%"
"01/26/2021","26.51","27.32","27.49","26.15","265.76K","-2.43%"
"01/25/2021","27.17","27.00","27.50","26.23","165.63K","1.34%"
"01/22/2021","26.81","27.01","27.27","26.47","148.74K","-1.51%"
"01/21/2021","27.22","28.32","28.32","26.56","276.80K","-3.51%"
"01/20/2021","28.21","28.94","29.31","27.90","82.11K","-1.78%"
"01/19/2021","28.72","29.78","30.97","28.27","240.61K","0.31%"
"01/15/2021","28.63","28.28","29.74","27.37","241.47K","0.49%"
"01/14/2021","28.49","27.73","28.74","27.01","74.68K","4.97%"
"01/13/2021","27.14","27.07","28.34","26.83","61.33K","-0.66%"
"01/12/2021","27.32","27.94","28.55","27.07","57.67K","-1.69%"
"01/11/2021","27.79","27.61","28.49","27.35","53.09K","-1.31%"
"01/08/2021","28.16","28.74","29.25","26.91","107.29K","-2.15%"
"01/07/2021","28.78","28.33","29.51","27.26","70.57K","0.28%"
"01/06/2021","28.70","28.06","29.63","27.95","81.32K","2.39%"
"01/05/2021","28.03","29.23","29.23","27.71","74.16K","-1.44%"
"01/04/2021","28.44","27.58","29.05","27.58","119.19K","1.10%"
"12/31/2020","28.13","29.47","29.47","27.92","87.13K","-3.99%"
"12/30/2020","29.30","29.02","30.17","28.59","118.89K","1.45%"
"12/29/2020","28.88","29.27","29.81","28.33","135.95K","-1.26%"
"12/28/2020","29.25","30.02","30.10","28.95","100.42K","-1.22%"
"12/24/2020","29.61","28.25","30.16","28.02","78.21K","5.19%"
"12/23/2020","28.15","30.11","31.06","27.56","152.25K","-6.17%"
"12/22/2020","30.00","28.89","31.00","28.73","160.08K","3.63%"
"12/21/2020","28.95","28.88","29.27","27.04","268.91K","0.17%"
"12/18/2020","28.90","31.92","32.00","28.66","1.94M","-8.92%"
"12/17/2020","31.73","31.15","32.00","30.67","168.58K","1.24%"
"12/16/2020","31.34","29.88","32.21","29.59","155.13K","5.70%"
"12/15/2020","29.65","29.26","30.44","28.43","239.22K","1.68%"
"12/14/2020","29.16","29.28","30.22","28.46","332.38K","1.07%"
"12/11/2020","28.85","28.49","29.49","27.08","118.03K","-0.69%"
"12/10/2020","29.05","28.02","29.50","27.59","242.90K","3.05%"
"12/09/2020","28.19","26.67","28.23","25.72","264.37K","6.74%"
"12/08/2020","26.41","26.36","26.82","26.02","165.97K","-0.38%"
"12/07/2020","26.51","26.24","26.83","25.82","102.65K","1.92%"
"12/04/2020","26.01","26.65","26.93","25.50","112.84K","-2.40%"
"12/03/2020","26.65","25.82","26.83","25.82","108.89K","3.50%"
"12/02/2020","25.75","24.63","26.48","24.63","140.28K","3.66%"
"12/01/2020","24.84","27.74","27.74","24.66","194.36K","-8.41%"
"11/30/2020","27.12","26.77","27.27","25.94","335.84K","4.55%"
"11/27/2020","25.94","25.85","26.38","25.52","48.57K","1.25%"
"11/25/2020","25.62","24.55","26.20","24.55","122.31K","0.43%"
"11/24/2020","25.51","25.31","25.94","24.98","186.08K","1.31%"
"11/23/2020","25.18","24.16","25.24","23.61","258.31K","8.91%"
"11/20/2020","23.12","21.12","23.19","21.12","171.33K","8.09%"
"11/19/2020","21.39","21.02","21.98","21.00","80.51K","2.25%"
"11/18/2020","20.92","21.25","21.43","20.55","394.46K","0.38%"
"11/17/2020","20.84","21.40","21.40","20.67","115.78K","-2.66%"
"11/16/2020","21.41","22.12","22.12","20.92","130.43K","1.13%"
"11/13/2020","21.17","22.19","22.19","20.82","139.74K","1.63%"
"11/12/2020","20.83","20.97","21.43","20.36","272.47K","-0.57%"
"11/11/2020","20.95","20.97","21.04","20.20","80.34K","1.45%"
"11/10/2020","20.65","20.97","21.00","20.03","105.08K","-0.63%"
"11/09/2020","20.78","22.16","22.16","20.01","226.55K","13.86%"
"11/06/2020","18.25","18.44","18.71","17.51","284.02K","-2.20%"
"11/05/2020","18.66","18.99","19.72","17.74","147.46K","-1.63%"
"11/04/2020","18.97","18.25","19.10","18.08","112.08K","4.29%"
"11/03/2020","18.19","18.86","19.11","18.00","121.33K","-2.83%"
"11/02/2020","18.72","17.98","19.78","17.98","190.15K","5.05%"
"10/30/2020","17.82","21.18","21.18","17.53","296.54K","-11.08%"
"10/29/2020","20.04","20.50","20.52","19.75","307.99K","-0.45%"
"10/28/2020","20.13","20.89","21.07","19.92","293.42K","-5.27%"
"10/27/2020","21.25","20.92","21.47","20.74","149.06K","1.58%"
"10/26/2020","20.92","22.97","23.36","20.67","393.57K","-9.20%"
"10/23/2020","23.04","22.77","23.36","22.32","121.07K","1.27%"
"10/22/2020","22.75","23.08","23.25","22.71","200.56K","-1.47%"
"10/21/2020","23.09","23.81","23.81","22.97","142.77K","-2.53%"
"10/20/2020","23.69","24.06","24.09","22.67","130.26K","-1.29%"
"10/19/2020","24.00","24.00","24.20","23.62","155.55K","0.04%"
"10/16/2020","23.99","23.79","24.35","23.58","252.42K","0.13%"
"10/15/2020","23.96","23.93","24.32","22.29","197.27K","-0.91%"
"10/14/2020","24.18","24.52","24.87","23.85","173.03K","-0.98%"
"10/13/2020","24.42","23.69","24.63","23.69","249.24K","3.37%"
"10/12/2020","23.63","24.15","24.57","23.56","262.83K","-2.13%"
"10/09/2020","24.14","24.12","24.62","23.82","249.69K","-0.82%"
"10/08/2020","24.34","25.00","25.00","24.21","565.35K","-0.16%"
"10/07/2020","24.38","24.60","24.80","24.00","307.91K","2.65%"
"10/06/2020","23.75","23.46","24.05","23.17","337.77K","0.47%"
"10/05/2020","23.64","23.60","24.35","23.41","393.48K","1.46%"
"10/02/2020","23.30","24.35","24.60","23.16","1.57M","-15.64%"
"10/01/2020","27.62","29.06","29.73","27.61","358.02K","-5.73%"
"09/30/2020","29.30","29.21","30.01","27.91","278.79K","-5.61%"
"09/29/2020","31.04","27.01","31.43","27.01","274.26K","15.99%"
"09/28/2020","26.76","25.50","27.16","25.25","76.88K","6.78%"
"09/25/2020","25.06","24.57","25.30","24.03","65.45K","1.66%"
"09/24/2020","24.65","24.65","25.17","24.21","43.79K","-0.36%"
"09/23/2020","24.74","25.19","25.88","24.24","63.89K","-2.14%"
"09/22/2020","25.28","25.89","26.30","24.46","153.84K","-1.44%"
"09/21/2020","25.65","25.82","26.39","24.44","194.85K","-2.62%"
"09/18/2020","26.34","27.64","28.89","26.07","1.43M","-3.23%"
"09/17/2020","27.22","25.19","27.61","25.19","230.11K","5.96%"
"09/16/2020","25.69","25.42","26.35","24.83","339.87K","2.43%"
"09/15/2020","25.08","24.95","25.18","24.32","112.41K","2.91%"
"09/14/2020","24.37","23.97","25.34","23.56","135.25K","3.97%"
"09/11/2020","23.44","24.45","24.45","23.19","87.33K","-2.50%"
"09/10/2020","24.04","24.20","24.32","23.89","180.30K","0.67%"
"09/09/2020","23.88","24.69","25.73","23.85","125.65K","-1.28%"
"09/08/2020","24.19","24.21","24.79","23.99","195.48K","-0.86%"
"09/04/2020","24.40","25.24","25.43","22.95","108.56K","-1.61%"
"09/03/2020","24.80","25.40","25.40","24.24","61.39K","-2.32%"
"09/02/2020","25.39","25.02","25.75","24.46","107.96K","2.38%"
"09/01/2020","24.80","25.09","25.09","24.02","71.72K","-1.08%"
"08/31/2020","25.07","24.45","25.89","24.45","90.14K","1.91%"
"08/28/2020","24.60","24.68","24.88","23.59","76.35K","2.33%"
"08/27/2020","24.04","24.94","24.94","23.50","63.82K","-2.51%"
"08/26/2020","24.66","25.02","26.00","24.30","115.10K","-1.20%"
"08/25/2020","24.96","25.28","25.97","24.91","78.61K","-1.11%"
"08/24/2020","25.24","28.22","28.88","25.00","237.06K","-10.50%"
"08/21/2020","28.20","27.50","29.63","26.90","133.96K","2.55%"
"08/20/2020","27.50","26.76","27.92","26.76","117.87K","2.12%"
"08/19/2020","26.93","26.42","27.50","26.00","134.03K","1.55%"
"08/18/2020","26.52","26.25","26.80","26.11","98.06K","1.14%"
"08/17/2020","26.22","26.29","27.13","25.75","218.29K","0.23%"
"08/14/2020","26.16","25.95","26.36","25.18","48.17K","0.63%"
"08/13/2020","26.00","26.14","27.11","25.51","78.08K","-0.52%"
"08/12/2020","26.13","25.00","26.79","24.56","279.73K","5.96%"
"08/11/2020","24.66","25.73","25.73","24.63","63.16K","-4.05%"
"08/10/2020","25.70","24.60","25.85","23.78","119.35K","6.11%"
"08/07/2020","24.22","24.29","24.59","24.02","120.00K","-0.25%"
"08/06/2020","24.28","24.81","24.83","24.04","58.98K","-1.10%"
"08/05/2020","24.55","25.38","25.79","24.21","103.04K","-1.68%"
"08/04/2020","24.97","25.60","26.32","24.49","102.14K","-3.55%"
"08/03/2020","25.89","26.90","27.08","25.36","234.08K","-3.03%"
"07/31/2020","26.70","29.08","29.08","26.32","115.61K","-3.33%"
"07/30/2020","27.62","27.02","28.79","27.02","41.13K","0.22%"
"07/29/2020","27.56","28.44","28.96","27.26","61.89K","-2.23%"
"07/28/2020","28.19","27.81","29.78","27.75","53.71K","0.79%"
"07/27/2020","27.97","27.35","29.17","26.85","26.29K","2.53%"
"07/24/2020","27.28","27.31","27.83","26.88","39.95K","-1.16%"
"07/23/2020","27.60","27.59","28.71","27.31","38.56K","-0.36%"
"07/22/2020","27.70","28.21","28.66","27.11","57.13K","-2.60%"
"07/21/2020","28.44","28.75","30.05","28.23","41.93K","-2.13%"
"07/20/2020","29.06","28.82","29.83","28.31","33.10K","0.21%"
"07/17/2020","29.00","27.64","30.15","27.64","44.12K","4.02%"
"07/16/2020","27.88","28.99","29.53","27.23","52.53K","-3.66%"
"07/15/2020","28.94","28.92","29.74","28.50","66.58K","2.30%"
"07/14/2020","28.29","27.50","28.67","27.12","76.03K","2.61%"
"07/13/2020","27.57","29.11","29.90","27.29","124.03K","-5.23%"
"07/10/2020","29.09","28.96","29.38","28.50","78.04K","0.14%"
"07/09/2020","29.05","31.02","31.29","28.88","60.78K","-6.89%"
"07/08/2020","31.20","32.01","33.07","29.77","100.37K","-2.50%"
"07/07/2020","32.00","32.24","33.21","31.79","34.75K","-0.87%"
"07/06/2020","32.28","32.47","33.00","31.31","28.66K","0.84%"
"07/02/2020","32.01","31.85","32.33","31.00","35.53K","0.57%"
"07/01/2020","31.83","30.10","32.11","29.34","95.23K","5.26%"
"06/30/2020","30.24","32.74","33.77","29.17","95.12K","-8.39%"
"06/29/2020","33.01","32.85","34.04","31.79","44.34K","1.66%"
"06/26/2020","32.47","32.12","32.89","30.01","169.20K","-0.73%"
"06/25/2020","32.71","32.13","34.47","32.13","48.11K","0.96%"
"06/24/2020","32.40","32.11","33.70","30.27","76.36K","-0.31%"
"06/23/2020","32.50","36.76","36.95","32.28","101.25K","-11.11%"
"06/22/2020","36.56","34.04","39.75","34.04","102.20K","8.17%"
"06/19/2020","33.80","29.85","39.85","29.80","709.38K","13.96%"
"06/18/2020","29.66","29.10","30.80","28.75","194.99K","2.31%"
"06/17/2020","28.99","29.80","30.88","28.81","133.26K","-0.96%"
"06/16/2020","29.27","30.93","30.99","28.60","127.60K","-0.64%"
"06/15/2020","29.46","25.56","30.62","25.56","168.16K","15.39%"
"06/12/2020","25.53","26.45","26.50","25.00","51.12K","-0.10%"
"06/11/2020","25.56","27.55","27.88","25.50","123.43K","-10.33%"
"06/10/2020","28.50","27.63","29.46","27.63","26.29K","1.75%"
"06/09/2020","28.01","29.41","29.90","27.42","34.24K","-4.57%"
"06/08/2020","29.35","32.17","32.17","29.16","54.32K","-6.62%"
"06/05/2020","31.43","31.36","34.82","29.76","91.69K","3.05%"
"06/04/2020","30.50","33.02","35.06","30.35","48.24K","-9.04%"
"06/03/2020","33.53","31.59","34.57","31.17","57.67K","6.99%"
"06/02/2020","31.34","34.44","34.73","30.48","46.28K","-7.80%"
"06/01/2020","33.99","34.33","38.81","33.04","92.90K","1.31%"
"05/29/2020","33.55","29.96","35.75","29.64","178.89K","11.91%"
"05/28/2020","29.98","30.25","30.79","29.74","51.40K","-0.73%"
"05/27/2020","30.20","30.25","30.90","29.01","54.78K","0.83%"
"05/26/2020","29.95","30.12","31.76","29.51","220.69K","1.25%"
"05/22/2020","29.58","29.55","30.00","28.90","28.24K","0.75%"
"05/21/2020","29.36","29.58","29.90","28.19","30.10K","0.51%"
"05/20/2020","29.21","27.28","29.90","26.79","39.48K","10.27%"
"05/19/2020","26.49","28.51","30.00","26.06","38.60K","-8.56%"
"05/18/2020","28.97","26.09","29.27","26.06","40.80K","13.34%"
"05/15/2020","25.56","25.79","25.80","25.44","24.62K","0.47%"
"05/14/2020","25.44","26.06","26.56","24.55","89.65K","-5.11%"
"05/13/2020","26.81","24.70","27.07","24.11","46.16K","8.54%"
"05/12/2020","24.70","26.83","28.15","24.50","43.03K","-7.84%"
"05/11/2020","26.80","24.52","27.11","24.10","35.55K","9.39%"
"05/08/2020","24.50","25.08","25.08","24.20","44.88K","0.08%"
"05/07/2020","24.48","25.09","25.44","24.06","28.37K","-2.86%"
"05/06/2020","25.20","25.44","25.88","24.60","31.49K","-1.52%"
"05/05/2020","25.59","26.42","27.08","25.00","37.72K","-0.31%"
"05/04/2020","25.67","25.53","26.19","23.96","32.68K","-1.27%"
"05/01/2020","26.00","28.79","29.65","25.25","120.82K","-12.52%"
"04/30/2020","29.72","29.10","30.00","28.37","33.54K","0.41%"
"04/29/2020","29.60","29.95","31.60","28.25","113.26K","2.17%"
"04/28/2020","28.97","30.00","30.02","28.01","47.39K","-2.72%"
"04/27/2020","29.78","30.00","30.07","29.21","75.01K","0.57%"
"04/24/2020","29.61","27.49","30.00","27.49","83.65K","8.94%"
"04/23/2020","27.18","28.70","29.22","26.71","20.86K","-5.36%"
"04/22/2020","28.72","29.20","29.49","27.70","24.41K","1.41%"
"04/21/2020","28.32","26.47","30.00","25.61","71.14K","3.36%"
"04/20/2020","27.40","26.10","28.40","25.45","42.14K","0.44%"
"04/17/2020","27.28","27.27","28.01","25.53","38.51K","2.52%"
"04/16/2020","26.61","25.70","27.25","23.22","136.06K","5.18%"
"04/15/2020","25.30","30.00","30.60","25.10","131.57K","-18.20%"
"04/14/2020","30.93","31.30","32.00","30.85","30.94K","-1.59%"
"04/13/2020","31.43","31.50","32.01","29.73","37.14K","-1.63%"
"04/09/2020","31.95","27.69","32.00","26.30","78.53K","17.59%"
"04/08/2020","27.17","28.80","28.80","26.56","34.74K","-4.67%"
"04/07/2020","28.50","28.55","28.55","26.91","39.10K","0.53%"
"04/06/2020","28.35","26.07","29.20","25.26","74.59K","11.83%"
"04/03/2020","25.35","25.61","26.14","24.50","83.56K","-1.90%"
"04/02/2020","25.84","25.61","28.25","24.06","48.83K","0.08%"
"04/01/2020","25.82","29.16","29.74","25.27","100.50K","-13.36%"
"03/31/2020","29.80","29.40","31.40","27.40","102.23K","0.34%"
"03/30/2020","29.70","28.00","30.01","24.26","44.69K","8.59%"
"03/27/2020","27.35","29.89","29.90","24.50","144.07K","-11.77%"
"03/26/2020","31.00","31.75","32.49","30.36","51.70K","-4.79%"
"03/25/2020","32.56","36.36","36.36","31.70","150.44K","-11.33%"
"03/24/2020","36.72","36.47","36.86","31.53","102.34K","-0.49%"
"03/23/2020","36.90","34.16","37.48","25.36","219.92K","10.74%"
"03/20/2020","33.32","25.95","40.88","23.36","1.35M","32.07%"
"03/19/2020","25.23","22.80","25.88","18.43","123.15K","36.38%"
"03/18/2020","18.50","18.13","19.50","17.61","91.84K","-3.24%"
"03/17/2020","19.12","19.38","20.21","18.20","151.30K","0.74%"
"03/16/2020","18.98","21.44","21.44","17.10","147.14K","-16.24%"
"03/13/2020","22.66","22.70","28.77","17.87","166.83K","1.52%"
"03/12/2020","22.32","23.23","24.80","21.62","103.07K","-10.72%"
"03/11/2020","25.00","30.01","31.80","22.90","408.58K","-18.11%"
"03/10/2020","30.53","28.99","34.00","28.55","196.56K","7.65%"
"03/09/2020","28.36","27.55","30.55","27.11","119.69K","0.39%"
"03/06/2020","28.25","27.49","29.05","26.55","198.60K","2.21%"
"03/05/2020","27.64","27.30","28.80","26.86","163.51K","-0.25%"
"03/04/2020","27.71","27.67","28.26","26.54","176.24K","0.87%"
"03/03/2020","27.47","27.50","28.84","26.50","242.82K","0.26%"
"03/02/2020","27.40","26.65","28.14","26.00","247.78K","3.12%"
"02/28/2020","26.57","27.13","29.06","24.80","424.05K","-3.77%"
"02/27/2020","27.61","28.21","28.85","26.80","262.59K","-3.26%"
"02/26/2020","28.54","26.14","28.58","26.14","91.16K","8.39%"
"02/25/2020","26.33","27.31","28.94","25.07","386.28K","-4.64%"
"02/24/2020","27.61","26.24","28.49","25.61","217.97K","2.07%"
"02/21/2020","27.05","26.88","28.50","26.45","256.47K","0.56%"
"02/20/2020","26.90","27.34","27.39","26.15","227.01K","1.17%"
"02/19/2020","26.59","25.54","26.96","25.54","293.34K","4.27%"
"02/18/2020","25.50","25.24","26.36","24.20","209.54K","-0.04%"
"02/14/2020","25.51","26.41","27.46","23.89","93.38K","-3.11%"
"02/13/2020","26.33","25.61","27.53","25.34","114.02K","2.25%"
"02/12/2020","25.75","26.20","26.20","24.92","105.04K","-1.87%"
"02/11/2020","26.24","26.64","26.70","25.83","129.23K","-0.98%"
"02/10/2020","26.50","26.83","27.73","25.53","90.93K","0.42%"
"02/07/2020","26.39","24.71","26.66","23.11","251.17K","6.67%"
"02/06/2020","24.74","25.27","25.55","23.14","223.14K","-1.94%"
"02/05/2020","25.23","26.09","26.09","24.50","161.30K","-1.60%"
"02/04/2020","25.64","25.13","27.45","24.30","247.22K","2.03%"
"02/03/2020","25.13","21.16","25.82","21.11","712.54K","15.28%"